<?xml version="1.0"?>
<Calcifications xmlns:xsi="http://www.w3.org/2001/XMLSchema-instance" xsi:noNamespaceSchemaLocation="file:///CalcificationDB.xsd">
	<Calcification>
		<CalcName>AAD1p1_5</CalcName>
		<ClusterName>AAD1p1</ClusterName>
		<Position3D>
			<XPos>2.6046407</XPos>
			<YPos>2.3684156</YPos>
			<ZPos>0.7788898</ZPos>
		</Position3D>
		<BinaryDataRecord>
			<Displacement>4423680</Displacement>
			<Size>1105920</Size>
		</BinaryDataRecord>
		<VoxelCount>
			<CountX>100</CountX>
			<CountY>100</CountY>
			<CountZ>100</CountZ>
		</VoxelCount>
		<VoxelSize>
			<SizeX>0.02</SizeX>
			<SizeY>0.02</SizeY>
			<SizeZ>0.02</SizeZ>
		</VoxelSize>
		<Characteristics>
			<NumVoxels>3027</NumVoxels>
			<Volume units="cc">0.024216</Volume>
			<SurfaceArea units="cm sq.">0.0</SurfaceArea>
			<Radius units="cm">0.22</Radius>
			<Directionality>2.27273</Directionality>
			<Eccentricity>0.0</Eccentricity>
			<Shape>0.0</Shape>
			<BB_Size>
			<SizeX>0.42</SizeX>
			<SizeY>0.44</SizeY>
			<SizeZ>0.44</SizeZ>
			</BB_Size>
			<BB_Count>
			<SizeX>21</SizeX>
			<SizeY>22</SizeY>
			<SizeZ>22</SizeZ>
			</BB_Count>
		</Characteristics>
	</Calcification>
</Calcifications>
	
