<?xml version="1.0"?>
<Calcifications xmlns:xsi="http://www.w3.org/2001/XMLSchema-instance" xsi:noNamespaceSchemaLocation="file:///CalcificationDB.xsd">
	<Calcification>
		<CalcName>AAY1p1_16</CalcName>
		<ClusterName>AAY1p1</ClusterName>
		<Position3D>
			<XPos>3.1508591</XPos>
			<YPos>1.3251078</YPos>
			<ZPos>0.7088437</ZPos>
		</Position3D>
		<BinaryDataRecord>
			<Displacement>16588800</Displacement>
			<Size>1105920</Size>
		</BinaryDataRecord>
		<VoxelCount>
			<CountX>100</CountX>
			<CountY>100</CountY>
			<CountZ>100</CountZ>
		</VoxelCount>
		<VoxelSize>
			<SizeX>0.02</SizeX>
			<SizeY>0.02</SizeY>
			<SizeZ>0.02</SizeZ>
		</VoxelSize>
		<Characteristics>
			<NumVoxels>117</NumVoxels>
			<Volume units="cc">9.36E-4</Volume>
			<SurfaceArea units="cm sq.">0.0</SurfaceArea>
			<Radius units="cm">0.07</Radius>
			<Directionality>8.33333</Directionality>
			<Eccentricity>0.0</Eccentricity>
			<Shape>0.0</Shape>
			<BB_Size>
			<SizeX>0.14</SizeX>
			<SizeY>0.12</SizeY>
			<SizeZ>0.16</SizeZ>
			</BB_Size>
			<BB_Count>
			<SizeX>7</SizeX>
			<SizeY>6</SizeY>
			<SizeZ>8</SizeZ>
			</BB_Count>
		</Characteristics>
	</Calcification>
</Calcifications>
	
