<?xml version="1.0"?>
<Calcifications xmlns:xsi="http://www.w3.org/2001/XMLSchema-instance" xsi:noNamespaceSchemaLocation="file:///CalcificationDB.xsd">
	<Calcification>
		<CalcName>ADZ1p1_6</CalcName>
		<ClusterName>ADZ1p1</ClusterName>
		<Position3D>
			<XPos>2.2151463</XPos>
			<YPos>3.2733483</YPos>
			<ZPos>4.2561417</ZPos>
		</Position3D>
		<BinaryDataRecord>
			<Displacement>5529600</Displacement>
			<Size>1105920</Size>
		</BinaryDataRecord>
		<VoxelCount>
			<CountX>100</CountX>
			<CountY>100</CountY>
			<CountZ>100</CountZ>
		</VoxelCount>
		<VoxelSize>
			<SizeX>0.02</SizeX>
			<SizeY>0.02</SizeY>
			<SizeZ>0.02</SizeZ>
		</VoxelSize>
		<Characteristics>
			<NumVoxels>9</NumVoxels>
			<Volume units="cc">-5.0</Volume>
			<SurfaceArea units="cm sq.">0.0</SurfaceArea>
			<Radius units="cm">0.04</Radius>
			<Directionality>33.3333</Directionality>
			<Eccentricity>0.0</Eccentricity>
			<Shape>0.0</Shape>
			<BB_Size>
			<SizeX>0.08</SizeX>
			<SizeY>0.04</SizeY>
			<SizeZ>0.08</SizeZ>
			</BB_Size>
			<BB_Count>
			<SizeX>4</SizeX>
			<SizeY>2</SizeY>
			<SizeZ>4</SizeZ>
			</BB_Count>
		</Characteristics>
	</Calcification>
</Calcifications>
	
