<?xml version="1.0"?>
<Calcifications xmlns:xsi="http://www.w3.org/2001/XMLSchema-instance" xsi:noNamespaceSchemaLocation="file:///CalcificationDB.xsd">
	<Calcification>
		<CalcName>ADN1p1_4</CalcName>
		<ClusterName>ADN1p1</ClusterName>
		<Position3D>
			<XPos>3.2070289</XPos>
			<YPos>4.1350007</YPos>
			<ZPos>4.2874737</ZPos>
		</Position3D>
		<BinaryDataRecord>
			<Displacement>3317760</Displacement>
			<Size>1105920</Size>
		</BinaryDataRecord>
		<VoxelCount>
			<CountX>100</CountX>
			<CountY>100</CountY>
			<CountZ>100</CountZ>
		</VoxelCount>
		<VoxelSize>
			<SizeX>0.02</SizeX>
			<SizeY>0.02</SizeY>
			<SizeZ>0.02</SizeZ>
		</VoxelSize>
		<Characteristics>
			<NumVoxels>176</NumVoxels>
			<Volume units="cc">0.001408</Volume>
			<SurfaceArea units="cm sq.">0.0</SurfaceArea>
			<Radius units="cm">0.11</Radius>
			<Directionality>4.54545</Directionality>
			<Eccentricity>0.0</Eccentricity>
			<Shape>0.0</Shape>
			<BB_Size>
			<SizeX>0.14</SizeX>
			<SizeY>0.22</SizeY>
			<SizeZ>0.16</SizeZ>
			</BB_Size>
			<BB_Count>
			<SizeX>7</SizeX>
			<SizeY>11</SizeY>
			<SizeZ>8</SizeZ>
			</BB_Count>
		</Characteristics>
	</Calcification>
</Calcifications>
	
