<?xml version="1.0"?>
<Calcifications xmlns:xsi="http://www.w3.org/2001/XMLSchema-instance" xsi:noNamespaceSchemaLocation="file:///CalcificationDB.xsd">
	<Calcification>
		<CalcName>AAV1p1_7</CalcName>
		<ClusterName>AAV1p1</ClusterName>
		<Position3D>
			<XPos>3.1495087</XPos>
			<YPos>1.1509296</YPos>
			<ZPos>0.6122832</ZPos>
		</Position3D>
		<BinaryDataRecord>
			<Displacement>6635520</Displacement>
			<Size>1105920</Size>
		</BinaryDataRecord>
		<VoxelCount>
			<CountX>100</CountX>
			<CountY>100</CountY>
			<CountZ>100</CountZ>
		</VoxelCount>
		<VoxelSize>
			<SizeX>0.02</SizeX>
			<SizeY>0.02</SizeY>
			<SizeZ>0.02</SizeZ>
		</VoxelSize>
		<Characteristics>
			<NumVoxels>2072</NumVoxels>
			<Volume units="cc">0.016576</Volume>
			<SurfaceArea units="cm sq.">0.0</SurfaceArea>
			<Radius units="cm">0.28</Radius>
			<Directionality>3.88889</Directionality>
			<Eccentricity>0.0</Eccentricity>
			<Shape>0.0</Shape>
			<BB_Size>
			<SizeX>0.56</SizeX>
			<SizeY>0.36</SizeY>
			<SizeZ>0.42</SizeZ>
			</BB_Size>
			<BB_Count>
			<SizeX>28</SizeX>
			<SizeY>18</SizeY>
			<SizeZ>21</SizeZ>
			</BB_Count>
		</Characteristics>
	</Calcification>
</Calcifications>
	
