<?xml version="1.0"?>
<Calcifications xmlns:xsi="http://www.w3.org/2001/XMLSchema-instance" xsi:noNamespaceSchemaLocation="file:///CalcificationDB.xsd">
	<Calcification>
		<CalcName>AEX1p1_2</CalcName>
		<ClusterName>AEX1p1</ClusterName>
		<Position3D>
			<XPos>3.8746552</XPos>
			<YPos>4.134038</YPos>
			<ZPos>1.2650292</ZPos>
		</Position3D>
		<BinaryDataRecord>
			<Displacement>1105920</Displacement>
			<Size>1105920</Size>
		</BinaryDataRecord>
		<VoxelCount>
			<CountX>100</CountX>
			<CountY>100</CountY>
			<CountZ>100</CountZ>
		</VoxelCount>
		<VoxelSize>
			<SizeX>0.02</SizeX>
			<SizeY>0.02</SizeY>
			<SizeZ>0.02</SizeZ>
		</VoxelSize>
		<Characteristics>
			<NumVoxels>9375</NumVoxels>
			<Volume units="cc">0.075</Volume>
			<SurfaceArea units="cm sq.">0.0</SurfaceArea>
			<Radius units="cm">0.28</Radius>
			<Directionality>1.8544</Directionality>
			<Eccentricity>0.0</Eccentricity>
			<Shape>0.0</Shape>
			<BB_Size>
			<SizeX>0.54</SizeX>
			<SizeY>0.56</SizeY>
			<SizeZ>0.54</SizeZ>
			</BB_Size>
			<BB_Count>
			<SizeX>27</SizeX>
			<SizeY>28</SizeY>
			<SizeZ>27</SizeZ>
			</BB_Count>
		</Characteristics>
	</Calcification>
</Calcifications>
	
