<?xml version="1.0"?>
<Calcifications xmlns:xsi="http://www.w3.org/2001/XMLSchema-instance" xsi:noNamespaceSchemaLocation="file:///CalcificationDB.xsd">
	<Calcification>
		<CalcName>ABZ1p1_1</CalcName>
		<ClusterName>ABZ1p1</ClusterName>
		<Position3D>
			<XPos>2.0168602</XPos>
			<YPos>2.0587428</YPos>
			<ZPos>4.4670148</ZPos>
		</Position3D>
		<BinaryDataRecord>
			<Displacement>0</Displacement>
			<Size>1105920</Size>
		</BinaryDataRecord>
		<VoxelCount>
			<CountX>100</CountX>
			<CountY>100</CountY>
			<CountZ>100</CountZ>
		</VoxelCount>
		<VoxelSize>
			<SizeX>0.02</SizeX>
			<SizeY>0.02</SizeY>
			<SizeZ>0.02</SizeZ>
		</VoxelSize>
		<Characteristics>
			<NumVoxels>27</NumVoxels>
			<Volume units="cc">2.16E-4</Volume>
			<SurfaceArea units="cm sq.">0.0</SurfaceArea>
			<Radius units="cm">0.1</Radius>
			<Directionality>62.5</Directionality>
			<Eccentricity>0.0</Eccentricity>
			<Shape>0.0</Shape>
			<BB_Size>
			<SizeX>0.2</SizeX>
			<SizeY>0.04</SizeY>
			<SizeZ>0.1</SizeZ>
			</BB_Size>
			<BB_Count>
			<SizeX>10</SizeX>
			<SizeY>2</SizeY>
			<SizeZ>5</SizeZ>
			</BB_Count>
		</Characteristics>
	</Calcification>
</Calcifications>
	
