<?xml version="1.0"?>
<Calcifications xmlns:xsi="http://www.w3.org/2001/XMLSchema-instance" xsi:noNamespaceSchemaLocation="file:///CalcificationDB.xsd">
	<Calcification>
		<CalcName>ACH1p1_7</CalcName>
		<ClusterName>ACH1p1</ClusterName>
		<Position3D>
			<XPos>2.3108392</XPos>
			<YPos>4.1783724</YPos>
			<ZPos>3.9014502</ZPos>
		</Position3D>
		<BinaryDataRecord>
			<Displacement>6635520</Displacement>
			<Size>1105920</Size>
		</BinaryDataRecord>
		<VoxelCount>
			<CountX>100</CountX>
			<CountY>100</CountY>
			<CountZ>100</CountZ>
		</VoxelCount>
		<VoxelSize>
			<SizeX>0.02</SizeX>
			<SizeY>0.02</SizeY>
			<SizeZ>0.02</SizeZ>
		</VoxelSize>
		<Characteristics>
			<NumVoxels>131</NumVoxels>
			<Volume units="cc">0.0</Volume>
			<SurfaceArea units="cm sq.">0.0</SurfaceArea>
			<Radius units="cm">0.0</Radius>
			<Directionality>0.0</Directionality>
			<Eccentricity>0.0</Eccentricity>
			<Shape>0.0</Shape>
			<BB_Size>
			<SizeX>0.2</SizeX>
			<SizeY>0.1</SizeY>
			<SizeZ>0.18</SizeZ>
			</BB_Size>
			<BB_Count>
			<SizeX>10</SizeX>
			<SizeY>5</SizeY>
			<SizeZ>9</SizeZ>
			</BB_Count>
		</Characteristics>
	</Calcification>
</Calcifications>
	
