<?xml version="1.0"?>
<Calcifications xmlns:xsi="http://www.w3.org/2001/XMLSchema-instance" xsi:noNamespaceSchemaLocation="file:///CalcificationDB.xsd">
	<Calcification>
		<ClusterName>AAA1p1</ClusterName>
		<BinaryDataRecord>
			<Displacement>15482880</Displacement>
			<Size>1105920</Size>
		</BinaryDataRecord>
		<VoxelSize>
			<SizeX>0.02</SizeX>
			<SizeY>0.02</SizeY>
			<SizeZ>0.02</SizeZ>
		</VoxelSize>
		<Characteristics>
			<Malignancy> Benign </Malignancy>
			<Detail> "stromal fibrosis, ductal hyperplasia, w/ atypia, No Ca++" </Detail>
			<NumVoxels>150</NumVoxels>
			<BB_Size>
			<SizeX>1.6400000000000001</SizeX>
			<SizeY>1.34</SizeY>
			<SizeZ>1.44</SizeZ>
			</BB_Size>
			<BB_Count>
			<SizeX>82</SizeX>
			<SizeY>67</SizeY>
			<SizeZ>72</SizeZ>
			</BB_Count>
		</Characteristics>
	</Calcification>
</Calcifications>
	
