<?xml version="1.0"?>
<Calcifications xmlns:xsi="http://www.w3.org/2001/XMLSchema-instance" xsi:noNamespaceSchemaLocation="file:///CalcificationDB.xsd">
	<Calcification>
		<ClusterName>AAO1p1</ClusterName>
		<BinaryDataRecord>
			<Displacement>5529600</Displacement>
			<Size>1105920</Size>
		</BinaryDataRecord>
		<VoxelSize>
			<SizeX>0.02</SizeX>
			<SizeY>0.02</SizeY>
			<SizeZ>0.02</SizeZ>
		</VoxelSize>
		<Characteristics>
			<Malignancy> Benign </Malignancy>
			<Detail> "stromal fibrosis, ductal hyperplasia, w/ atypia, No Ca++" </Detail>
			<NumVoxels>575</NumVoxels>
			<BB_Size>
			<SizeX>1.28</SizeX>
			<SizeY>0.8</SizeY>
			<SizeZ>0.46</SizeZ>
			</BB_Size>
			<BB_Count>
			<SizeX>64</SizeX>
			<SizeY>40</SizeY>
			<SizeZ>23</SizeZ>
			</BB_Count>
		</Characteristics>
	</Calcification>
</Calcifications>
	
