<?xml version="1.0"?>
<Calcifications xmlns:xsi="http://www.w3.org/2001/XMLSchema-instance" xsi:noNamespaceSchemaLocation="file:///CalcificationDB.xsd">
	<Calcification>
		<CalcName>ABG1p1_1</CalcName>
		<ClusterName>ABG1p1</ClusterName>
		<Position3D>
			<XPos>2.6697917</XPos>
			<YPos>0.7473179</YPos>
			<ZPos>1.1614686</ZPos>
		</Position3D>
		<BinaryDataRecord>
			<Displacement>0</Displacement>
			<Size>1105920</Size>
		</BinaryDataRecord>
		<VoxelCount>
			<CountX>100</CountX>
			<CountY>100</CountY>
			<CountZ>100</CountZ>
		</VoxelCount>
		<VoxelSize>
			<SizeX>0.02</SizeX>
			<SizeY>0.02</SizeY>
			<SizeZ>0.02</SizeZ>
		</VoxelSize>
		<Characteristics>
			<NumVoxels>1157</NumVoxels>
			<Volume units="cc">0.009256</Volume>
			<SurfaceArea units="cm sq.">0.0</SurfaceArea>
			<Radius units="cm">0.22</Radius>
			<Directionality>4.07407</Directionality>
			<Eccentricity>0.0</Eccentricity>
			<Shape>0.0</Shape>
			<BB_Size>
			<SizeX>0.44</SizeX>
			<SizeY>0.36</SizeY>
			<SizeZ>0.32</SizeZ>
			</BB_Size>
			<BB_Count>
			<SizeX>22</SizeX>
			<SizeY>18</SizeY>
			<SizeZ>16</SizeZ>
			</BB_Count>
		</Characteristics>
	</Calcification>
</Calcifications>
	
