<?xml version="1.0"?>
<Calcifications xmlns:xsi="http://www.w3.org/2001/XMLSchema-instance" xsi:noNamespaceSchemaLocation="file:///CalcificationDB.xsd">
	<Calcification>
		<CalcName>ADL1p1_1</CalcName>
		<ClusterName>ADL1p1</ClusterName>
		<Position3D>
			<XPos>1.8911314</XPos>
			<YPos>2.548969</YPos>
			<ZPos>4.660984</ZPos>
		</Position3D>
		<BinaryDataRecord>
			<Displacement>0</Displacement>
			<Size>1105920</Size>
		</BinaryDataRecord>
		<VoxelCount>
			<CountX>100</CountX>
			<CountY>100</CountY>
			<CountZ>100</CountZ>
		</VoxelCount>
		<VoxelSize>
			<SizeX>0.02</SizeX>
			<SizeY>0.02</SizeY>
			<SizeZ>0.02</SizeZ>
		</VoxelSize>
		<Characteristics>
			<NumVoxels>3532</NumVoxels>
			<Volume units="cc">0.028256</Volume>
			<SurfaceArea units="cm sq.">0.0</SurfaceArea>
			<Radius units="cm">0.26</Radius>
			<Directionality>2.0903</Directionality>
			<Eccentricity>0.0</Eccentricity>
			<Shape>0.0</Shape>
			<BB_Size>
			<SizeX>0.5</SizeX>
			<SizeY>0.52</SizeY>
			<SizeZ>0.48</SizeZ>
			</BB_Size>
			<BB_Count>
			<SizeX>25</SizeX>
			<SizeY>26</SizeY>
			<SizeZ>24</SizeZ>
			</BB_Count>
		</Characteristics>
	</Calcification>
</Calcifications>
	
