<?xml version="1.0"?>
<Calcifications xmlns:xsi="http://www.w3.org/2001/XMLSchema-instance" xsi:noNamespaceSchemaLocation="file:///CalcificationDB.xsd">
	<Calcification>
		<CalcName>ACN1p1_8</CalcName>
		<ClusterName>ACN1p1</ClusterName>
		<Position3D>
			<XPos>2.5653737</XPos>
			<YPos>2.4349701</YPos>
			<ZPos>2.9353309</ZPos>
		</Position3D>
		<BinaryDataRecord>
			<Displacement>7741440</Displacement>
			<Size>1105920</Size>
		</BinaryDataRecord>
		<VoxelCount>
			<CountX>100</CountX>
			<CountY>100</CountY>
			<CountZ>100</CountZ>
		</VoxelCount>
		<VoxelSize>
			<SizeX>0.02</SizeX>
			<SizeY>0.02</SizeY>
			<SizeZ>0.02</SizeZ>
		</VoxelSize>
		<Characteristics>
			<NumVoxels>220</NumVoxels>
			<Volume units="cc">0.00176</Volume>
			<SurfaceArea units="cm sq.">0.0</SurfaceArea>
			<Radius units="cm">0.19</Radius>
			<Directionality>7.53968</Directionality>
			<Eccentricity>0.0</Eccentricity>
			<Shape>0.0</Shape>
			<BB_Size>
			<SizeX>0.38</SizeX>
			<SizeY>0.18</SizeY>
			<SizeZ>0.3</SizeZ>
			</BB_Size>
			<BB_Count>
			<SizeX>19</SizeX>
			<SizeY>9</SizeY>
			<SizeZ>15</SizeZ>
			</BB_Count>
		</Characteristics>
	</Calcification>
</Calcifications>
	
