<?xml version="1.0"?>
<Calcifications xmlns:xsi="http://www.w3.org/2001/XMLSchema-instance" xsi:noNamespaceSchemaLocation="file:///CalcificationDB.xsd">
	<Calcification>
		<ClusterName>ABT1p1</ClusterName>
		<BinaryDataRecord>
			<Displacement>5529600</Displacement>
			<Size>1105920</Size>
		</BinaryDataRecord>
		<VoxelSize>
			<SizeX>0.02</SizeX>
			<SizeY>0.02</SizeY>
			<SizeZ>0.02</SizeZ>
		</VoxelSize>
		<Characteristics>
			<Malignancy> Benign </Malignancy>
			<Detail> "stromal fibrosis, ductal hyperplasia, w/ atypia, No Ca++" </Detail>
			<NumVoxels>304</NumVoxels>
			<BB_Size>
			<SizeX>0.4</SizeX>
			<SizeY>0.46</SizeY>
			<SizeZ>0.78</SizeZ>
			</BB_Size>
			<BB_Count>
			<SizeX>20</SizeX>
			<SizeY>23</SizeY>
			<SizeZ>39</SizeZ>
			</BB_Count>
		</Characteristics>
	</Calcification>
</Calcifications>
	
