<?xml version="1.0"?>
<Calcifications xmlns:xsi="http://www.w3.org/2001/XMLSchema-instance" xsi:noNamespaceSchemaLocation="file:///CalcificationDB.xsd">
	<Calcification>
		<CalcName>AAB1p1_38</CalcName>
		<ClusterName>AAB1p1</ClusterName>
		<Position3D>
			<XPos>1.1500448</XPos>
			<YPos>2.4017227</YPos>
			<ZPos>0.6210735</ZPos>
		</Position3D>
		<BinaryDataRecord>
			<Displacement>40919040</Displacement>
			<Size>1105920</Size>
		</BinaryDataRecord>
		<VoxelCount>
			<CountX>100</CountX>
			<CountY>100</CountY>
			<CountZ>100</CountZ>
		</VoxelCount>
		<VoxelSize>
			<SizeX>0.02</SizeX>
			<SizeY>0.02</SizeY>
			<SizeZ>0.02</SizeZ>
		</VoxelSize>
		<Characteristics>
			<NumVoxels>22</NumVoxels>
			<Volume units="cc">1.76E-4</Volume>
			<SurfaceArea units="cm sq.">0.0</SurfaceArea>
			<Radius units="cm">0.1</Radius>
			<Directionality>20.0</Directionality>
			<Eccentricity>0.0</Eccentricity>
			<Shape>0.0</Shape>
			<BB_Size>
			<SizeX>0.2</SizeX>
			<SizeY>0.1</SizeY>
			<SizeZ>0.12</SizeZ>
			</BB_Size>
			<BB_Count>
			<SizeX>10</SizeX>
			<SizeY>5</SizeY>
			<SizeZ>6</SizeZ>
			</BB_Count>
		</Characteristics>
	</Calcification>
</Calcifications>
	
