<?xml version="1.0"?>
<Calcifications xmlns:xsi="http://www.w3.org/2001/XMLSchema-instance" xsi:noNamespaceSchemaLocation="file:///CalcificationDB.xsd">
	<Calcification>
		<CalcName>ACO1p1_2</CalcName>
		<ClusterName>ACO1p1</ClusterName>
		<Position3D>
			<XPos>0.4859986</XPos>
			<YPos>0.6156097</YPos>
			<ZPos>0.8313258</ZPos>
		</Position3D>
		<BinaryDataRecord>
			<Displacement>1105920</Displacement>
			<Size>1105920</Size>
		</BinaryDataRecord>
		<VoxelCount>
			<CountX>100</CountX>
			<CountY>100</CountY>
			<CountZ>100</CountZ>
		</VoxelCount>
		<VoxelSize>
			<SizeX>0.02</SizeX>
			<SizeY>0.02</SizeY>
			<SizeZ>0.02</SizeZ>
		</VoxelSize>
		<Characteristics>
			<NumVoxels>13315</NumVoxels>
			<Volume units="cc">0.10652</Volume>
			<SurfaceArea units="cm sq.">0.0</SurfaceArea>
			<Radius units="cm">0.4</Radius>
			<Directionality>1.89934</Directionality>
			<Eccentricity>0.0</Eccentricity>
			<Shape>0.0</Shape>
			<BB_Size>
			<SizeX>0.8</SizeX>
			<SizeY>0.54</SizeY>
			<SizeZ>0.8</SizeZ>
			</BB_Size>
			<BB_Count>
			<SizeX>40</SizeX>
			<SizeY>27</SizeY>
			<SizeZ>40</SizeZ>
			</BB_Count>
		</Characteristics>
	</Calcification>
</Calcifications>
	
