<?xml version="1.0"?>
<Calcifications xmlns:xsi="http://www.w3.org/2001/XMLSchema-instance" xsi:noNamespaceSchemaLocation="file:///CalcificationDB.xsd">
	<Calcification>
		<ClusterName>ABU1p1</ClusterName>
		<BinaryDataRecord>
			<Displacement>3317760</Displacement>
			<Size>1105920</Size>
		</BinaryDataRecord>
		<VoxelSize>
			<SizeX>0.02</SizeX>
			<SizeY>0.02</SizeY>
			<SizeZ>0.02</SizeZ>
		</VoxelSize>
		<Characteristics>
			<Malignancy> Benign </Malignancy>
			<Detail> "stromal fibrosis, ductal hyperplasia, w/ atypia, No Ca++" </Detail>
			<NumVoxels>71</NumVoxels>
			<BB_Size>
			<SizeX>1.3</SizeX>
			<SizeY>0.34</SizeY>
			<SizeZ>0.86</SizeZ>
			</BB_Size>
			<BB_Count>
			<SizeX>65</SizeX>
			<SizeY>17</SizeY>
			<SizeZ>43</SizeZ>
			</BB_Count>
		</Characteristics>
	</Calcification>
</Calcifications>
	
