<?xml version="1.0"?>
<Calcifications xmlns:xsi="http://www.w3.org/2001/XMLSchema-instance" xsi:noNamespaceSchemaLocation="file:///CalcificationDB.xsd">
	<Calcification>
		<CalcName>AEO1p1_3</CalcName>
		<ClusterName>AEO1p1</ClusterName>
		<Position3D>
			<XPos>2.3044329</XPos>
			<YPos>2.0953643</YPos>
			<ZPos>4.9458213</ZPos>
		</Position3D>
		<BinaryDataRecord>
			<Displacement>2211840</Displacement>
			<Size>1105920</Size>
		</BinaryDataRecord>
		<VoxelCount>
			<CountX>100</CountX>
			<CountY>100</CountY>
			<CountZ>100</CountZ>
		</VoxelCount>
		<VoxelSize>
			<SizeX>0.02</SizeX>
			<SizeY>0.02</SizeY>
			<SizeZ>0.02</SizeZ>
		</VoxelSize>
		<Characteristics>
			<NumVoxels>8437</NumVoxels>
			<Volume units="cc">0.067496</Volume>
			<SurfaceArea units="cm sq.">0.0</SurfaceArea>
			<Radius units="cm">0.56</Radius>
			<Directionality>2.66667</Directionality>
			<Eccentricity>0.0</Eccentricity>
			<Shape>0.0</Shape>
			<BB_Size>
			<SizeX>1.12</SizeX>
			<SizeY>0.5</SizeY>
			<SizeZ>0.86</SizeZ>
			</BB_Size>
			<BB_Count>
			<SizeX>56</SizeX>
			<SizeY>25</SizeY>
			<SizeZ>43</SizeZ>
			</BB_Count>
		</Characteristics>
	</Calcification>
</Calcifications>
	
