<?xml version="1.0"?>
<Calcifications xmlns:xsi="http://www.w3.org/2001/XMLSchema-instance" xsi:noNamespaceSchemaLocation="file:///CalcificationDB.xsd">
	<Calcification>
		<ClusterName>ACI1p1</ClusterName>
		<BinaryDataRecord>
			<Displacement>4423680</Displacement>
			<Size>1105920</Size>
		</BinaryDataRecord>
		<VoxelSize>
			<SizeX>0.02</SizeX>
			<SizeY>0.02</SizeY>
			<SizeZ>0.02</SizeZ>
		</VoxelSize>
		<Characteristics>
			<Malignancy> Benign </Malignancy>
			<Detail> "stromal fibrosis, ductal hyperplasia, w/ atypia, No Ca++" </Detail>
			<NumVoxels>4166</NumVoxels>
			<BB_Size>
			<SizeX>1.3800000000000001</SizeX>
			<SizeY>2.96</SizeY>
			<SizeZ>3.38</SizeZ>
			</BB_Size>
			<BB_Count>
			<SizeX>69</SizeX>
			<SizeY>148</SizeY>
			<SizeZ>169</SizeZ>
			</BB_Count>
		</Characteristics>
	</Calcification>
</Calcifications>
	
