<?xml version="1.0"?>
<Calcifications xmlns:xsi="http://www.w3.org/2001/XMLSchema-instance" xsi:noNamespaceSchemaLocation="file:///CalcificationDB.xsd">
	<Calcification>
		<CalcName>ADI1p1_15</CalcName>
		<ClusterName>ADI1p1</ClusterName>
		<Position3D>
			<XPos>2.8949242</XPos>
			<YPos>3.1560073</YPos>
			<ZPos>1.6844825</ZPos>
		</Position3D>
		<BinaryDataRecord>
			<Displacement>15482880</Displacement>
			<Size>1105920</Size>
		</BinaryDataRecord>
		<VoxelCount>
			<CountX>100</CountX>
			<CountY>100</CountY>
			<CountZ>100</CountZ>
		</VoxelCount>
		<VoxelSize>
			<SizeX>0.02</SizeX>
			<SizeY>0.02</SizeY>
			<SizeZ>0.02</SizeZ>
		</VoxelSize>
		<Characteristics>
			<NumVoxels>265</NumVoxels>
			<Volume units="cc">0.00212</Volume>
			<SurfaceArea units="cm sq.">0.0</SurfaceArea>
			<Radius units="cm">0.14</Radius>
			<Directionality>10.9375</Directionality>
			<Eccentricity>0.0</Eccentricity>
			<Shape>0.0</Shape>
			<BB_Size>
			<SizeX>0.28</SizeX>
			<SizeY>0.16</SizeY>
			<SizeZ>0.18</SizeZ>
			</BB_Size>
			<BB_Count>
			<SizeX>14</SizeX>
			<SizeY>8</SizeY>
			<SizeZ>9</SizeZ>
			</BB_Count>
		</Characteristics>
	</Calcification>
</Calcifications>
	
