<?xml version="1.0"?>
<Calcifications xmlns:xsi="http://www.w3.org/2001/XMLSchema-instance" xsi:noNamespaceSchemaLocation="file:///CalcificationDB.xsd">
	<Calcification>
		<CalcName>AAS1p1_15</CalcName>
		<ClusterName>AAS1p1</ClusterName>
		<Position3D>
			<XPos>4.1279631</XPos>
			<YPos>2.9738328</YPos>
			<ZPos>0.4713201</ZPos>
		</Position3D>
		<BinaryDataRecord>
			<Displacement>15482880</Displacement>
			<Size>1105920</Size>
		</BinaryDataRecord>
		<VoxelCount>
			<CountX>100</CountX>
			<CountY>100</CountY>
			<CountZ>100</CountZ>
		</VoxelCount>
		<VoxelSize>
			<SizeX>0.02</SizeX>
			<SizeY>0.02</SizeY>
			<SizeZ>0.02</SizeZ>
		</VoxelSize>
		<Characteristics>
			<NumVoxels>1590</NumVoxels>
			<Volume units="cc">0.01272</Volume>
			<SurfaceArea units="cm sq.">0.0</SurfaceArea>
			<Radius units="cm">0.18</Radius>
			<Directionality>3.52941</Directionality>
			<Eccentricity>0.0</Eccentricity>
			<Shape>0.0</Shape>
			<BB_Size>
			<SizeX>0.36</SizeX>
			<SizeY>0.3</SizeY>
			<SizeZ>0.36</SizeZ>
			</BB_Size>
			<BB_Count>
			<SizeX>18</SizeX>
			<SizeY>15</SizeY>
			<SizeZ>18</SizeZ>
			</BB_Count>
		</Characteristics>
	</Calcification>
</Calcifications>
	
