<?xml version="1.0"?>
<Calcifications xmlns:xsi="http://www.w3.org/2001/XMLSchema-instance" xsi:noNamespaceSchemaLocation="file:///CalcificationDB.xsd">
	<Calcification>
		<ClusterName>ABH1p1</ClusterName>
		<BinaryDataRecord>
			<Displacement>16588800</Displacement>
			<Size>1105920</Size>
		</BinaryDataRecord>
		<VoxelSize>
			<SizeX>0.02</SizeX>
			<SizeY>0.02</SizeY>
			<SizeZ>0.02</SizeZ>
		</VoxelSize>
		<Characteristics>
			<Malignancy> Benign </Malignancy>
			<Detail> "stromal fibrosis, ductal hyperplasia, w/ atypia, No Ca++" </Detail>
			<NumVoxels>7803</NumVoxels>
			<BB_Size>
			<SizeX>2.98</SizeX>
			<SizeY>4.0600000000000005</SizeY>
			<SizeZ>1.34</SizeZ>
			</BB_Size>
			<BB_Count>
			<SizeX>149</SizeX>
			<SizeY>203</SizeY>
			<SizeZ>67</SizeZ>
			</BB_Count>
		</Characteristics>
	</Calcification>
</Calcifications>
	
