<?xml version="1.0"?>
<Calcifications xmlns:xsi="http://www.w3.org/2001/XMLSchema-instance" xsi:noNamespaceSchemaLocation="file:///CalcificationDB.xsd">
	<Calcification>
		<ClusterName>ABG1p1</ClusterName>
		<BinaryDataRecord>
			<Displacement>4423680</Displacement>
			<Size>1105920</Size>
		</BinaryDataRecord>
		<VoxelSize>
			<SizeX>0.02</SizeX>
			<SizeY>0.02</SizeY>
			<SizeZ>0.02</SizeZ>
		</VoxelSize>
		<Characteristics>
			<Malignancy> Benign </Malignancy>
			<Detail> "stromal fibrosis, ductal hyperplasia, w/ atypia, No Ca++" </Detail>
			<NumVoxels>1170</NumVoxels>
			<BB_Size>
			<SizeX>1.18</SizeX>
			<SizeY>1.3800000000000001</SizeY>
			<SizeZ>2.08</SizeZ>
			</BB_Size>
			<BB_Count>
			<SizeX>59</SizeX>
			<SizeY>69</SizeY>
			<SizeZ>104</SizeZ>
			</BB_Count>
		</Characteristics>
	</Calcification>
</Calcifications>
	
