<?xml version="1.0"?>
<Calcifications xmlns:xsi="http://www.w3.org/2001/XMLSchema-instance" xsi:noNamespaceSchemaLocation="file:///CalcificationDB.xsd">
	<Calcification>
		<CalcName>AES1p1_7</CalcName>
		<ClusterName>AES1p1</ClusterName>
		<Position3D>
			<XPos>2.9492238</XPos>
			<YPos>3.9297392</YPos>
			<ZPos>5.0910606</ZPos>
		</Position3D>
		<BinaryDataRecord>
			<Displacement>6635520</Displacement>
			<Size>1105920</Size>
		</BinaryDataRecord>
		<VoxelCount>
			<CountX>100</CountX>
			<CountY>100</CountY>
			<CountZ>100</CountZ>
		</VoxelCount>
		<VoxelSize>
			<SizeX>0.02</SizeX>
			<SizeY>0.02</SizeY>
			<SizeZ>0.02</SizeZ>
		</VoxelSize>
		<Characteristics>
			<NumVoxels>21482</NumVoxels>
			<Volume units="cc">0.0</Volume>
			<SurfaceArea units="cm sq.">0.0</SurfaceArea>
			<Radius units="cm">0.0</Radius>
			<Directionality>0.0</Directionality>
			<Eccentricity>0.0</Eccentricity>
			<Shape>0.0</Shape>
			<BB_Size>
			<SizeX>0.76</SizeX>
			<SizeY>0.92</SizeY>
			<SizeZ>0.64</SizeZ>
			</BB_Size>
			<BB_Count>
			<SizeX>38</SizeX>
			<SizeY>46</SizeY>
			<SizeZ>32</SizeZ>
			</BB_Count>
		</Characteristics>
	</Calcification>
</Calcifications>
	
