<?xml version="1.0"?>
<Calcifications xmlns:xsi="http://www.w3.org/2001/XMLSchema-instance" xsi:noNamespaceSchemaLocation="file:///CalcificationDB.xsd">
	<Calcification>
		<CalcName>AAV1p1_15</CalcName>
		<ClusterName>AAV1p1</ClusterName>
		<Position3D>
			<XPos>3.5651574</XPos>
			<YPos>1.2207389</YPos>
			<ZPos>0.6386465</ZPos>
		</Position3D>
		<BinaryDataRecord>
			<Displacement>15482880</Displacement>
			<Size>1105920</Size>
		</BinaryDataRecord>
		<VoxelCount>
			<CountX>100</CountX>
			<CountY>100</CountY>
			<CountZ>100</CountZ>
		</VoxelCount>
		<VoxelSize>
			<SizeX>0.02</SizeX>
			<SizeY>0.02</SizeY>
			<SizeZ>0.02</SizeZ>
		</VoxelSize>
		<Characteristics>
			<NumVoxels>635</NumVoxels>
			<Volume units="cc">0.00508</Volume>
			<SurfaceArea units="cm sq.">0.0</SurfaceArea>
			<Radius units="cm">0.25</Radius>
			<Directionality>5.34188</Directionality>
			<Eccentricity>0.0</Eccentricity>
			<Shape>0.0</Shape>
			<BB_Size>
			<SizeX>0.5</SizeX>
			<SizeY>0.36</SizeY>
			<SizeZ>0.28</SizeZ>
			</BB_Size>
			<BB_Count>
			<SizeX>25</SizeX>
			<SizeY>18</SizeY>
			<SizeZ>14</SizeZ>
			</BB_Count>
		</Characteristics>
	</Calcification>
</Calcifications>
	
