<?xml version="1.0"?>
<Calcifications xmlns:xsi="http://www.w3.org/2001/XMLSchema-instance" xsi:noNamespaceSchemaLocation="file:///CalcificationDB.xsd">
	<Calcification>
		<CalcName>ADT1p1_1</CalcName>
		<ClusterName>ADT1p1</ClusterName>
		<Position3D>
			<XPos>3.2881746</XPos>
			<YPos>0.9505457</YPos>
			<ZPos>3.9252234</ZPos>
		</Position3D>
		<BinaryDataRecord>
			<Displacement>0</Displacement>
			<Size>1105920</Size>
		</BinaryDataRecord>
		<VoxelCount>
			<CountX>100</CountX>
			<CountY>100</CountY>
			<CountZ>100</CountZ>
		</VoxelCount>
		<VoxelSize>
			<SizeX>0.02</SizeX>
			<SizeY>0.02</SizeY>
			<SizeZ>0.02</SizeZ>
		</VoxelSize>
		<Characteristics>
			<NumVoxels>9751</NumVoxels>
			<Volume units="cc">0.078008</Volume>
			<SurfaceArea units="cm sq.">0.0</SurfaceArea>
			<Radius units="cm">0.29</Radius>
			<Directionality>1.788</Directionality>
			<Eccentricity>0.0</Eccentricity>
			<Shape>0.0</Shape>
			<BB_Size>
			<SizeX>0.56</SizeX>
			<SizeY>0.58</SizeY>
			<SizeZ>0.56</SizeZ>
			</BB_Size>
			<BB_Count>
			<SizeX>28</SizeX>
			<SizeY>29</SizeY>
			<SizeZ>28</SizeZ>
			</BB_Count>
		</Characteristics>
	</Calcification>
</Calcifications>
	
