<?xml version="1.0"?>
<Calcifications xmlns:xsi="http://www.w3.org/2001/XMLSchema-instance" xsi:noNamespaceSchemaLocation="file:///CalcificationDB.xsd">
	<Calcification>
		<CalcName>ADC1p1_3</CalcName>
		<ClusterName>ADC1p1</ClusterName>
		<Position3D>
			<XPos>2.8157754</XPos>
			<YPos>2.1918373</YPos>
			<ZPos>4.0438151</ZPos>
		</Position3D>
		<BinaryDataRecord>
			<Displacement>2211840</Displacement>
			<Size>1105920</Size>
		</BinaryDataRecord>
		<VoxelCount>
			<CountX>100</CountX>
			<CountY>100</CountY>
			<CountZ>100</CountZ>
		</VoxelCount>
		<VoxelSize>
			<SizeX>0.02</SizeX>
			<SizeY>0.02</SizeY>
			<SizeZ>0.02</SizeZ>
		</VoxelSize>
		<Characteristics>
			<NumVoxels>5</NumVoxels>
			<Volume units="cc">-5.0</Volume>
			<SurfaceArea units="cm sq.">0.0</SurfaceArea>
			<Radius units="cm">0.03</Radius>
			<Directionality>33.3333</Directionality>
			<Eccentricity>0.0</Eccentricity>
			<Shape>0.0</Shape>
			<BB_Size>
			<SizeX>0.04</SizeX>
			<SizeY>0.06</SizeY>
			<SizeZ>0.04</SizeZ>
			</BB_Size>
			<BB_Count>
			<SizeX>2</SizeX>
			<SizeY>3</SizeY>
			<SizeZ>2</SizeZ>
			</BB_Count>
		</Characteristics>
	</Calcification>
</Calcifications>
	
