<?xml version="1.0"?>
<Calcifications xmlns:xsi="http://www.w3.org/2001/XMLSchema-instance" xsi:noNamespaceSchemaLocation="file:///CalcificationDB.xsd">
	<Calcification>
		<CalcName>ACK1p1_12</CalcName>
		<ClusterName>ACK1p1</ClusterName>
		<Position3D>
			<XPos>2.0749264</XPos>
			<YPos>4.4374423</YPos>
			<ZPos>1.8287382</ZPos>
		</Position3D>
		<BinaryDataRecord>
			<Displacement>12165120</Displacement>
			<Size>1105920</Size>
		</BinaryDataRecord>
		<VoxelCount>
			<CountX>100</CountX>
			<CountY>100</CountY>
			<CountZ>100</CountZ>
		</VoxelCount>
		<VoxelSize>
			<SizeX>0.02</SizeX>
			<SizeY>0.02</SizeY>
			<SizeZ>0.02</SizeZ>
		</VoxelSize>
		<Characteristics>
			<NumVoxels>77</NumVoxels>
			<Volume units="cc">6.16E-4</Volume>
			<SurfaceArea units="cm sq.">0.0</SurfaceArea>
			<Radius units="cm">0.16</Radius>
			<Directionality>19.0476</Directionality>
			<Eccentricity>0.0</Eccentricity>
			<Shape>0.0</Shape>
			<BB_Size>
			<SizeX>0.32</SizeX>
			<SizeY>0.14</SizeY>
			<SizeZ>0.14</SizeZ>
			</BB_Size>
			<BB_Count>
			<SizeX>16</SizeX>
			<SizeY>7</SizeY>
			<SizeZ>7</SizeZ>
			</BB_Count>
		</Characteristics>
	</Calcification>
</Calcifications>
	
