<?xml version="1.0"?>
<Calcifications xmlns:xsi="http://www.w3.org/2001/XMLSchema-instance" xsi:noNamespaceSchemaLocation="file:///CalcificationDB.xsd">
	<Calcification>
		<ClusterName>AAK1p1</ClusterName>
		<BinaryDataRecord>
			<Displacement>22118400</Displacement>
			<Size>1105920</Size>
		</BinaryDataRecord>
		<VoxelSize>
			<SizeX>0.02</SizeX>
			<SizeY>0.02</SizeY>
			<SizeZ>0.02</SizeZ>
		</VoxelSize>
		<Characteristics>
			<Malignancy> Benign </Malignancy>
			<Detail> "stromal fibrosis, ductal hyperplasia, w/ atypia, No Ca++" </Detail>
			<NumVoxels>5072</NumVoxels>
			<BB_Size>
			<SizeX>2.72</SizeX>
			<SizeY>3.1</SizeY>
			<SizeZ>1.26</SizeZ>
			</BB_Size>
			<BB_Count>
			<SizeX>136</SizeX>
			<SizeY>155</SizeY>
			<SizeZ>63</SizeZ>
			</BB_Count>
		</Characteristics>
	</Calcification>
</Calcifications>
	
