<?xml version="1.0"?>
<Calcifications xmlns:xsi="http://www.w3.org/2001/XMLSchema-instance" xsi:noNamespaceSchemaLocation="file:///CalcificationDB.xsd">
	<Calcification>
		<ClusterName>ACS1p1</ClusterName>
		<BinaryDataRecord>
			<Displacement>7741440</Displacement>
			<Size>1105920</Size>
		</BinaryDataRecord>
		<VoxelSize>
			<SizeX>0.02</SizeX>
			<SizeY>0.02</SizeY>
			<SizeZ>0.02</SizeZ>
		</VoxelSize>
		<Characteristics>
			<Malignancy> Benign </Malignancy>
			<Detail> "stromal fibrosis, ductal hyperplasia, w/ atypia, No Ca++" </Detail>
			<NumVoxels>7162</NumVoxels>
			<BB_Size>
			<SizeX>1.76</SizeX>
			<SizeY>2.12</SizeY>
			<SizeZ>0.88</SizeZ>
			</BB_Size>
			<BB_Count>
			<SizeX>88</SizeX>
			<SizeY>106</SizeY>
			<SizeZ>44</SizeZ>
			</BB_Count>
		</Characteristics>
	</Calcification>
</Calcifications>
	
