<?xml version="1.0"?>
<Calcifications xmlns:xsi="http://www.w3.org/2001/XMLSchema-instance" xsi:noNamespaceSchemaLocation="file:///CalcificationDB.xsd">
	<Calcification>
		<CalcName>AAA3p1_10</CalcName>
		<ClusterName>AAA3p1</ClusterName>
		<Position3D>
			<XPos>2.5705171</XPos>
			<YPos>4.1772466</YPos>
			<ZPos>2.6230826</ZPos>
		</Position3D>
		<BinaryDataRecord>
			<Displacement>9953280</Displacement>
			<Size>1105920</Size>
		</BinaryDataRecord>
		<VoxelCount>
			<CountX>100</CountX>
			<CountY>100</CountY>
			<CountZ>100</CountZ>
		</VoxelCount>
		<VoxelSize>
			<SizeX>0.02</SizeX>
			<SizeY>0.02</SizeY>
			<SizeZ>0.02</SizeZ>
		</VoxelSize>
		<Characteristics>
			<NumVoxels>4</NumVoxels>
			<Volume units="cc">-5.0</Volume>
			<SurfaceArea units="cm sq.">0.0</SurfaceArea>
			<Radius units="cm">0.02</Radius>
			<Directionality>25.0</Directionality>
			<Eccentricity>0.0</Eccentricity>
			<Shape>0.0</Shape>
			<BB_Size>
			<SizeX>0.04</SizeX>
			<SizeY>0.04</SizeY>
			<SizeZ>0.06</SizeZ>
			</BB_Size>
			<BB_Count>
			<SizeX>2</SizeX>
			<SizeY>2</SizeY>
			<SizeZ>3</SizeZ>
			</BB_Count>
		</Characteristics>
	</Calcification>
</Calcifications>
	
