<?xml version="1.0"?>
<Calcifications xmlns:xsi="http://www.w3.org/2001/XMLSchema-instance" xsi:noNamespaceSchemaLocation="file:///CalcificationDB.xsd">
	<Calcification>
		<CalcName>ACJb1p1_5</CalcName>
		<ClusterName>ACJb1p1</ClusterName>
		<Position3D>
			<XPos>2.5096769</XPos>
			<YPos>2.3034453</YPos>
			<ZPos>6.3165112</ZPos>
		</Position3D>
		<BinaryDataRecord>
			<Displacement>4423680</Displacement>
			<Size>1105920</Size>
		</BinaryDataRecord>
		<VoxelCount>
			<CountX>100</CountX>
			<CountY>100</CountY>
			<CountZ>100</CountZ>
		</VoxelCount>
		<VoxelSize>
			<SizeX>0.02</SizeX>
			<SizeY>0.02</SizeY>
			<SizeZ>0.02</SizeZ>
		</VoxelSize>
		<Characteristics>
			<NumVoxels>6911</NumVoxels>
			<Volume units="cc">0.055288</Volume>
			<SurfaceArea units="cm sq.">0.0</SurfaceArea>
			<Radius units="cm">0.66</Radius>
			<Directionality>5.31401</Directionality>
			<Eccentricity>0.0</Eccentricity>
			<Shape>0.0</Shape>
			<BB_Size>
			<SizeX>1.32</SizeX>
			<SizeY>0.54</SizeY>
			<SizeZ>0.48</SizeZ>
			</BB_Size>
			<BB_Count>
			<SizeX>66</SizeX>
			<SizeY>27</SizeY>
			<SizeZ>24</SizeZ>
			</BB_Count>
		</Characteristics>
	</Calcification>
</Calcifications>
	
