<?xml version="1.0"?>
<Calcifications xmlns:xsi="http://www.w3.org/2001/XMLSchema-instance" xsi:noNamespaceSchemaLocation="file:///CalcificationDB.xsd">
	<Calcification>
		<CalcName>AAK1p1_1</CalcName>
		<ClusterName>AAK1p1</ClusterName>
		<Position3D>
			<XPos>2.839787</XPos>
			<YPos>1.1719384</YPos>
			<ZPos>2.6808352</ZPos>
		</Position3D>
		<BinaryDataRecord>
			<Displacement>0</Displacement>
			<Size>1105920</Size>
		</BinaryDataRecord>
		<VoxelCount>
			<CountX>100</CountX>
			<CountY>100</CountY>
			<CountZ>100</CountZ>
		</VoxelCount>
		<VoxelSize>
			<SizeX>0.02</SizeX>
			<SizeY>0.02</SizeY>
			<SizeZ>0.02</SizeZ>
		</VoxelSize>
		<Characteristics>
			<NumVoxels>4109</NumVoxels>
			<Volume units="cc">0.032872</Volume>
			<SurfaceArea units="cm sq.">0.0</SurfaceArea>
			<Radius units="cm">0.23</Radius>
			<Directionality>2.0794</Directionality>
			<Eccentricity>0.0</Eccentricity>
			<Shape>0.0</Shape>
			<BB_Size>
			<SizeX>0.44</SizeX>
			<SizeY>0.46</SizeY>
			<SizeZ>0.48</SizeZ>
			</BB_Size>
			<BB_Count>
			<SizeX>22</SizeX>
			<SizeY>23</SizeY>
			<SizeZ>24</SizeZ>
			</BB_Count>
		</Characteristics>
	</Calcification>
</Calcifications>
	
