<?xml version="1.0"?>
<Calcifications xmlns:xsi="http://www.w3.org/2001/XMLSchema-instance" xsi:noNamespaceSchemaLocation="file:///CalcificationDB.xsd">
	<Calcification>
		<ClusterName>AELa1p1</ClusterName>
		<BinaryDataRecord>
			<Displacement>4423680</Displacement>
			<Size>1105920</Size>
		</BinaryDataRecord>
		<VoxelSize>
			<SizeX>0.02</SizeX>
			<SizeY>0.02</SizeY>
			<SizeZ>0.02</SizeZ>
		</VoxelSize>
		<Characteristics>
			<Malignancy> Benign </Malignancy>
			<Detail> "stromal fibrosis, ductal hyperplasia, w/ atypia, No Ca++" </Detail>
			<NumVoxels>287</NumVoxels>
			<BB_Size>
			<SizeX>0.8</SizeX>
			<SizeY>2.42</SizeY>
			<SizeZ>1.02</SizeZ>
			</BB_Size>
			<BB_Count>
			<SizeX>40</SizeX>
			<SizeY>121</SizeY>
			<SizeZ>51</SizeZ>
			</BB_Count>
		</Characteristics>
	</Calcification>
</Calcifications>
	
