<?xml version="1.0"?>
<Calcifications xmlns:xsi="http://www.w3.org/2001/XMLSchema-instance" xsi:noNamespaceSchemaLocation="file:///CalcificationDB.xsd">
	<Calcification>
		<CalcName>AEJb1p1_12</CalcName>
		<ClusterName>AEJb1p1</ClusterName>
		<Position3D>
			<XPos>2.9319839</XPos>
			<YPos>1.9552108</YPos>
			<ZPos>5.0299926</ZPos>
		</Position3D>
		<BinaryDataRecord>
			<Displacement>12165120</Displacement>
			<Size>1105920</Size>
		</BinaryDataRecord>
		<VoxelCount>
			<CountX>100</CountX>
			<CountY>100</CountY>
			<CountZ>100</CountZ>
		</VoxelCount>
		<VoxelSize>
			<SizeX>0.02</SizeX>
			<SizeY>0.02</SizeY>
			<SizeZ>0.02</SizeZ>
		</VoxelSize>
		<Characteristics>
			<NumVoxels>1820</NumVoxels>
			<Volume units="cc">0.01456</Volume>
			<SurfaceArea units="cm sq.">0.0</SurfaceArea>
			<Radius units="cm">0.39</Radius>
			<Directionality>3.75</Directionality>
			<Eccentricity>0.0</Eccentricity>
			<Shape>0.0</Shape>
			<BB_Size>
			<SizeX>0.78</SizeX>
			<SizeY>0.52</SizeY>
			<SizeZ>0.42</SizeZ>
			</BB_Size>
			<BB_Count>
			<SizeX>39</SizeX>
			<SizeY>26</SizeY>
			<SizeZ>21</SizeZ>
			</BB_Count>
		</Characteristics>
	</Calcification>
</Calcifications>
	
