<?xml version="1.0"?>
<Calcifications xmlns:xsi="http://www.w3.org/2001/XMLSchema-instance" xsi:noNamespaceSchemaLocation="file:///CalcificationDB.xsd">
	<Calcification>
		<CalcName>AAY1p1_2</CalcName>
		<ClusterName>AAY1p1</ClusterName>
		<Position3D>
			<XPos>2.6948898</XPos>
			<YPos>1.6394135</YPos>
			<ZPos>0.7438853</ZPos>
		</Position3D>
		<BinaryDataRecord>
			<Displacement>1105920</Displacement>
			<Size>1105920</Size>
		</BinaryDataRecord>
		<VoxelCount>
			<CountX>100</CountX>
			<CountY>100</CountY>
			<CountZ>100</CountZ>
		</VoxelCount>
		<VoxelSize>
			<SizeX>0.02</SizeX>
			<SizeY>0.02</SizeY>
			<SizeZ>0.02</SizeZ>
		</VoxelSize>
		<Characteristics>
			<NumVoxels>9431</NumVoxels>
			<Volume units="cc">0.075448</Volume>
			<SurfaceArea units="cm sq.">0.0</SurfaceArea>
			<Radius units="cm">0.28</Radius>
			<Directionality>2.08333</Directionality>
			<Eccentricity>0.0</Eccentricity>
			<Shape>0.0</Shape>
			<BB_Size>
			<SizeX>0.56</SizeX>
			<SizeY>0.48</SizeY>
			<SizeZ>0.58</SizeZ>
			</BB_Size>
			<BB_Count>
			<SizeX>28</SizeX>
			<SizeY>24</SizeY>
			<SizeZ>29</SizeZ>
			</BB_Count>
		</Characteristics>
	</Calcification>
</Calcifications>
	
