<?xml version="1.0"?>
<Calcifications xmlns:xsi="http://www.w3.org/2001/XMLSchema-instance" xsi:noNamespaceSchemaLocation="file:///CalcificationDB.xsd">
	<Calcification>
		<CalcName>ACC1p1_7</CalcName>
		<ClusterName>ACC1p1</ClusterName>
		<Position3D>
			<XPos>3.7594957</XPos>
			<YPos>3.5345223</YPos>
			<ZPos>3.2930524</ZPos>
		</Position3D>
		<BinaryDataRecord>
			<Displacement>6635520</Displacement>
			<Size>1105920</Size>
		</BinaryDataRecord>
		<VoxelCount>
			<CountX>100</CountX>
			<CountY>100</CountY>
			<CountZ>100</CountZ>
		</VoxelCount>
		<VoxelSize>
			<SizeX>0.02</SizeX>
			<SizeY>0.02</SizeY>
			<SizeZ>0.02</SizeZ>
		</VoxelSize>
		<Characteristics>
			<NumVoxels>23</NumVoxels>
			<Volume units="cc">1.84E-4</Volume>
			<SurfaceArea units="cm sq.">0.0</SurfaceArea>
			<Radius units="cm">0.05</Radius>
			<Directionality>8.0</Directionality>
			<Eccentricity>0.0</Eccentricity>
			<Shape>0.0</Shape>
			<BB_Size>
			<SizeX>0.08</SizeX>
			<SizeY>0.1</SizeY>
			<SizeZ>0.12</SizeZ>
			</BB_Size>
			<BB_Count>
			<SizeX>4</SizeX>
			<SizeY>5</SizeY>
			<SizeZ>6</SizeZ>
			</BB_Count>
		</Characteristics>
	</Calcification>
</Calcifications>
	
