<?xml version="1.0"?>
<Calcifications xmlns:xsi="http://www.w3.org/2001/XMLSchema-instance" xsi:noNamespaceSchemaLocation="file:///CalcificationDB.xsd">
	<Calcification>
		<CalcName>ABH1p1_8</CalcName>
		<ClusterName>ABH1p1</ClusterName>
		<Position3D>
			<XPos>1.1261475</XPos>
			<YPos>2.2773705</YPos>
			<ZPos>3.5105569</ZPos>
		</Position3D>
		<BinaryDataRecord>
			<Displacement>7741440</Displacement>
			<Size>1105920</Size>
		</BinaryDataRecord>
		<VoxelCount>
			<CountX>100</CountX>
			<CountY>100</CountY>
			<CountZ>100</CountZ>
		</VoxelCount>
		<VoxelSize>
			<SizeX>0.02</SizeX>
			<SizeY>0.02</SizeY>
			<SizeZ>0.02</SizeZ>
		</VoxelSize>
		<Characteristics>
			<NumVoxels>2943</NumVoxels>
			<Volume units="cc">0.023544</Volume>
			<SurfaceArea units="cm sq.">0.0</SurfaceArea>
			<Radius units="cm">0.36</Radius>
			<Directionality>6.66667</Directionality>
			<Eccentricity>0.0</Eccentricity>
			<Shape>0.0</Shape>
			<BB_Size>
			<SizeX>0.72</SizeX>
			<SizeY>0.18</SizeY>
			<SizeZ>0.62</SizeZ>
			</BB_Size>
			<BB_Count>
			<SizeX>36</SizeX>
			<SizeY>9</SizeY>
			<SizeZ>31</SizeZ>
			</BB_Count>
		</Characteristics>
	</Calcification>
</Calcifications>
	
