<?xml version="1.0"?>
<Calcifications xmlns:xsi="http://www.w3.org/2001/XMLSchema-instance" xsi:noNamespaceSchemaLocation="file:///CalcificationDB.xsd">
	<Calcification>
		<CalcName>ACT1p1_2</CalcName>
		<ClusterName>ACT1p1</ClusterName>
		<Position3D>
			<XPos>2.0605254</XPos>
			<YPos>4.4359875</YPos>
			<ZPos>4.6455112</ZPos>
		</Position3D>
		<BinaryDataRecord>
			<Displacement>1105920</Displacement>
			<Size>1105920</Size>
		</BinaryDataRecord>
		<VoxelCount>
			<CountX>100</CountX>
			<CountY>100</CountY>
			<CountZ>100</CountZ>
		</VoxelCount>
		<VoxelSize>
			<SizeX>0.02</SizeX>
			<SizeY>0.02</SizeY>
			<SizeZ>0.02</SizeZ>
		</VoxelSize>
		<Characteristics>
			<NumVoxels>16</NumVoxels>
			<Volume units="cc">0.0</Volume>
			<SurfaceArea units="cm sq.">0.0</SurfaceArea>
			<Radius units="cm">0.0</Radius>
			<Directionality>0.0</Directionality>
			<Eccentricity>0.0</Eccentricity>
			<Shape>0.0</Shape>
			<BB_Size>
			<SizeX>0.1</SizeX>
			<SizeY>0.08</SizeY>
			<SizeZ>0.08</SizeZ>
			</BB_Size>
			<BB_Count>
			<SizeX>5</SizeX>
			<SizeY>4</SizeY>
			<SizeZ>4</SizeZ>
			</BB_Count>
		</Characteristics>
	</Calcification>
</Calcifications>
	
