<?xml version="1.0"?>
<Calcifications xmlns:xsi="http://www.w3.org/2001/XMLSchema-instance" xsi:noNamespaceSchemaLocation="file:///CalcificationDB.xsd">
	<Calcification>
		<CalcName>ACI1p1_3</CalcName>
		<ClusterName>ACI1p1</ClusterName>
		<Position3D>
			<XPos>2.5953445</XPos>
			<YPos>1.0954927</YPos>
			<ZPos>2.8616564</ZPos>
		</Position3D>
		<BinaryDataRecord>
			<Displacement>2211840</Displacement>
			<Size>1105920</Size>
		</BinaryDataRecord>
		<VoxelCount>
			<CountX>100</CountX>
			<CountY>100</CountY>
			<CountZ>100</CountZ>
		</VoxelCount>
		<VoxelSize>
			<SizeX>0.02</SizeX>
			<SizeY>0.02</SizeY>
			<SizeZ>0.02</SizeZ>
		</VoxelSize>
		<Characteristics>
			<NumVoxels>666</NumVoxels>
			<Volume units="cc">0.005328</Volume>
			<SurfaceArea units="cm sq.">0.0</SurfaceArea>
			<Radius units="cm">0.21</Radius>
			<Directionality>3.5</Directionality>
			<Eccentricity>0.0</Eccentricity>
			<Shape>0.0</Shape>
			<BB_Size>
			<SizeX>0.42</SizeX>
			<SizeY>0.4</SizeY>
			<SizeZ>0.32</SizeZ>
			</BB_Size>
			<BB_Count>
			<SizeX>21</SizeX>
			<SizeY>20</SizeY>
			<SizeZ>16</SizeZ>
			</BB_Count>
		</Characteristics>
	</Calcification>
</Calcifications>
	
