<?xml version="1.0"?>
<Calcifications xmlns:xsi="http://www.w3.org/2001/XMLSchema-instance" xsi:noNamespaceSchemaLocation="file:///CalcificationDB.xsd">
	<Calcification>
		<CalcName>ABY1p1_12</CalcName>
		<ClusterName>ABY1p1</ClusterName>
		<Position3D>
			<XPos>1.4496186</XPos>
			<YPos>3.4837294</YPos>
			<ZPos>4.5292177</ZPos>
		</Position3D>
		<BinaryDataRecord>
			<Displacement>12165120</Displacement>
			<Size>1105920</Size>
		</BinaryDataRecord>
		<VoxelCount>
			<CountX>100</CountX>
			<CountY>100</CountY>
			<CountZ>100</CountZ>
		</VoxelCount>
		<VoxelSize>
			<SizeX>0.02</SizeX>
			<SizeY>0.02</SizeY>
			<SizeZ>0.02</SizeZ>
		</VoxelSize>
		<Characteristics>
			<NumVoxels>331</NumVoxels>
			<Volume units="cc">0.002648</Volume>
			<SurfaceArea units="cm sq.">0.0</SurfaceArea>
			<Radius units="cm">0.11</Radius>
			<Directionality>6.11111</Directionality>
			<Eccentricity>0.0</Eccentricity>
			<Shape>0.0</Shape>
			<BB_Size>
			<SizeX>0.22</SizeX>
			<SizeY>0.2</SizeY>
			<SizeZ>0.2</SizeZ>
			</BB_Size>
			<BB_Count>
			<SizeX>11</SizeX>
			<SizeY>10</SizeY>
			<SizeZ>10</SizeZ>
			</BB_Count>
		</Characteristics>
	</Calcification>
</Calcifications>
	
