<?xml version="1.0"?>
<Calcifications xmlns:xsi="http://www.w3.org/2001/XMLSchema-instance" xsi:noNamespaceSchemaLocation="file:///CalcificationDB.xsd">
	<Calcification>
		<CalcName>AAV1p1_13</CalcName>
		<ClusterName>AAV1p1</ClusterName>
		<Position3D>
			<XPos>2.8552103</XPos>
			<YPos>1.2289286</YPos>
			<ZPos>0.524253</ZPos>
		</Position3D>
		<BinaryDataRecord>
			<Displacement>13271040</Displacement>
			<Size>1105920</Size>
		</BinaryDataRecord>
		<VoxelCount>
			<CountX>100</CountX>
			<CountY>100</CountY>
			<CountZ>100</CountZ>
		</VoxelCount>
		<VoxelSize>
			<SizeX>0.02</SizeX>
			<SizeY>0.02</SizeY>
			<SizeZ>0.02</SizeZ>
		</VoxelSize>
		<Characteristics>
			<NumVoxels>345</NumVoxels>
			<Volume units="cc">0.00276</Volume>
			<SurfaceArea units="cm sq.">0.0</SurfaceArea>
			<Radius units="cm">0.2</Radius>
			<Directionality>7.93651</Directionality>
			<Eccentricity>0.0</Eccentricity>
			<Shape>0.0</Shape>
			<BB_Size>
			<SizeX>0.4</SizeX>
			<SizeY>0.18</SizeY>
			<SizeZ>0.3</SizeZ>
			</BB_Size>
			<BB_Count>
			<SizeX>20</SizeX>
			<SizeY>9</SizeY>
			<SizeZ>15</SizeZ>
			</BB_Count>
		</Characteristics>
	</Calcification>
</Calcifications>
	
