<?xml version="1.0"?>
<Calcifications xmlns:xsi="http://www.w3.org/2001/XMLSchema-instance" xsi:noNamespaceSchemaLocation="file:///CalcificationDB.xsd">
	<Calcification>
		<CalcName>AEV1p1_2</CalcName>
		<ClusterName>AEV1p1</ClusterName>
		<Position3D>
			<XPos>2.6037292</XPos>
			<YPos>4.4047265</YPos>
			<ZPos>3.2040038</ZPos>
		</Position3D>
		<BinaryDataRecord>
			<Displacement>1105920</Displacement>
			<Size>1105920</Size>
		</BinaryDataRecord>
		<VoxelCount>
			<CountX>100</CountX>
			<CountY>100</CountY>
			<CountZ>100</CountZ>
		</VoxelCount>
		<VoxelSize>
			<SizeX>0.02</SizeX>
			<SizeY>0.02</SizeY>
			<SizeZ>0.02</SizeZ>
		</VoxelSize>
		<Characteristics>
			<NumVoxels>1063</NumVoxels>
			<Volume units="cc">0.008504</Volume>
			<SurfaceArea units="cm sq.">0.0</SurfaceArea>
			<Radius units="cm">0.18</Radius>
			<Directionality>5.55556</Directionality>
			<Eccentricity>0.0</Eccentricity>
			<Shape>0.0</Shape>
			<BB_Size>
			<SizeX>0.36</SizeX>
			<SizeY>0.18</SizeY>
			<SizeZ>0.38</SizeZ>
			</BB_Size>
			<BB_Count>
			<SizeX>18</SizeX>
			<SizeY>9</SizeY>
			<SizeZ>19</SizeZ>
			</BB_Count>
		</Characteristics>
	</Calcification>
</Calcifications>
	
