<?xml version="1.0"?>
<Calcifications xmlns:xsi="http://www.w3.org/2001/XMLSchema-instance" xsi:noNamespaceSchemaLocation="file:///CalcificationDB.xsd">
	<Calcification>
		<ClusterName>ACU1p1</ClusterName>
		<BinaryDataRecord>
			<Displacement>3317760</Displacement>
			<Size>1105920</Size>
		</BinaryDataRecord>
		<VoxelSize>
			<SizeX>0.02</SizeX>
			<SizeY>0.02</SizeY>
			<SizeZ>0.02</SizeZ>
		</VoxelSize>
		<Characteristics>
			<Malignancy> Benign </Malignancy>
			<Detail> "stromal fibrosis, ductal hyperplasia, w/ atypia, No Ca++" </Detail>
			<NumVoxels>229</NumVoxels>
			<BB_Size>
			<SizeX>0.64</SizeX>
			<SizeY>1.24</SizeY>
			<SizeZ>0.54</SizeZ>
			</BB_Size>
			<BB_Count>
			<SizeX>32</SizeX>
			<SizeY>62</SizeY>
			<SizeZ>27</SizeZ>
			</BB_Count>
		</Characteristics>
	</Calcification>
</Calcifications>
	
