<?xml version="1.0"?>
<Calcifications xmlns:xsi="http://www.w3.org/2001/XMLSchema-instance" xsi:noNamespaceSchemaLocation="file:///CalcificationDB.xsd">
	<Calcification>
		<CalcName>AEJb1p1_15</CalcName>
		<ClusterName>AEJb1p1</ClusterName>
		<Position3D>
			<XPos>2.7048819</XPos>
			<YPos>2.2698529</YPos>
			<ZPos>5.2735367</ZPos>
		</Position3D>
		<BinaryDataRecord>
			<Displacement>15482880</Displacement>
			<Size>1105920</Size>
		</BinaryDataRecord>
		<VoxelCount>
			<CountX>100</CountX>
			<CountY>100</CountY>
			<CountZ>100</CountZ>
		</VoxelCount>
		<VoxelSize>
			<SizeX>0.02</SizeX>
			<SizeY>0.02</SizeY>
			<SizeZ>0.02</SizeZ>
		</VoxelSize>
		<Characteristics>
			<NumVoxels>416</NumVoxels>
			<Volume units="cc">0.003328</Volume>
			<SurfaceArea units="cm sq.">0.0</SurfaceArea>
			<Radius units="cm">0.2</Radius>
			<Directionality>4.38596</Directionality>
			<Eccentricity>0.0</Eccentricity>
			<Shape>0.0</Shape>
			<BB_Size>
			<SizeX>0.4</SizeX>
			<SizeY>0.38</SizeY>
			<SizeZ>0.26</SizeZ>
			</BB_Size>
			<BB_Count>
			<SizeX>20</SizeX>
			<SizeY>19</SizeY>
			<SizeZ>13</SizeZ>
			</BB_Count>
		</Characteristics>
	</Calcification>
</Calcifications>
	
