<?xml version="1.0"?>
<Calcifications xmlns:xsi="http://www.w3.org/2001/XMLSchema-instance" xsi:noNamespaceSchemaLocation="file:///CalcificationDB.xsd">
	<Calcification>
		<CalcName>ACJb1p1_2</CalcName>
		<ClusterName>ACJb1p1</ClusterName>
		<Position3D>
			<XPos>2.5473878</XPos>
			<YPos>2.7292101</YPos>
			<ZPos>7.1965485</ZPos>
		</Position3D>
		<BinaryDataRecord>
			<Displacement>1105920</Displacement>
			<Size>1105920</Size>
		</BinaryDataRecord>
		<VoxelCount>
			<CountX>100</CountX>
			<CountY>100</CountY>
			<CountZ>100</CountZ>
		</VoxelCount>
		<VoxelSize>
			<SizeX>0.02</SizeX>
			<SizeY>0.02</SizeY>
			<SizeZ>0.02</SizeZ>
		</VoxelSize>
		<Characteristics>
			<NumVoxels>7063</NumVoxels>
			<Volume units="cc">0.056504</Volume>
			<SurfaceArea units="cm sq.">0.0</SurfaceArea>
			<Radius units="cm">0.31</Radius>
			<Directionality>3.1893</Directionality>
			<Eccentricity>0.0</Eccentricity>
			<Shape>0.0</Shape>
			<BB_Size>
			<SizeX>0.62</SizeX>
			<SizeY>0.36</SizeY>
			<SizeZ>0.56</SizeZ>
			</BB_Size>
			<BB_Count>
			<SizeX>31</SizeX>
			<SizeY>18</SizeY>
			<SizeZ>28</SizeZ>
			</BB_Count>
		</Characteristics>
	</Calcification>
</Calcifications>
	
