<?xml version="1.0"?>
<Calcifications xmlns:xsi="http://www.w3.org/2001/XMLSchema-instance" xsi:noNamespaceSchemaLocation="file:///CalcificationDB.xsd">
	<Calcification>
		<ClusterName>ACR1p1</ClusterName>
		<BinaryDataRecord>
			<Displacement>2211840</Displacement>
			<Size>1105920</Size>
		</BinaryDataRecord>
		<VoxelSize>
			<SizeX>0.02</SizeX>
			<SizeY>0.02</SizeY>
			<SizeZ>0.02</SizeZ>
		</VoxelSize>
		<Characteristics>
			<Malignancy> Benign </Malignancy>
			<Detail> "stromal fibrosis, ductal hyperplasia, w/ atypia, No Ca++" </Detail>
			<NumVoxels>101</NumVoxels>
			<BB_Size>
			<SizeX>1.24</SizeX>
			<SizeY>0.1</SizeY>
			<SizeZ>0.66</SizeZ>
			</BB_Size>
			<BB_Count>
			<SizeX>62</SizeX>
			<SizeY>5</SizeY>
			<SizeZ>33</SizeZ>
			</BB_Count>
		</Characteristics>
	</Calcification>
</Calcifications>
	
