<?xml version="1.0"?>
<Calcifications xmlns:xsi="http://www.w3.org/2001/XMLSchema-instance" xsi:noNamespaceSchemaLocation="file:///CalcificationDB.xsd">
	<Calcification>
		<CalcName>AED1p1_3</CalcName>
		<ClusterName>AED1p1</ClusterName>
		<Position3D>
			<XPos>2.4301653</XPos>
			<YPos>0.9516148</YPos>
			<ZPos>3.1228309</ZPos>
		</Position3D>
		<BinaryDataRecord>
			<Displacement>2211840</Displacement>
			<Size>1105920</Size>
		</BinaryDataRecord>
		<VoxelCount>
			<CountX>100</CountX>
			<CountY>100</CountY>
			<CountZ>100</CountZ>
		</VoxelCount>
		<VoxelSize>
			<SizeX>0.02</SizeX>
			<SizeY>0.02</SizeY>
			<SizeZ>0.02</SizeZ>
		</VoxelSize>
		<Characteristics>
			<NumVoxels>940</NumVoxels>
			<Volume units="cc">0.00752</Volume>
			<SurfaceArea units="cm sq.">0.0</SurfaceArea>
			<Radius units="cm">0.25</Radius>
			<Directionality>8.22368</Directionality>
			<Eccentricity>0.0</Eccentricity>
			<Shape>0.0</Shape>
			<BB_Size>
			<SizeX>0.5</SizeX>
			<SizeY>0.16</SizeY>
			<SizeZ>0.4</SizeZ>
			</BB_Size>
			<BB_Count>
			<SizeX>25</SizeX>
			<SizeY>8</SizeY>
			<SizeZ>20</SizeZ>
			</BB_Count>
		</Characteristics>
	</Calcification>
</Calcifications>
	
