<?xml version="1.0"?>
<Calcifications xmlns:xsi="http://www.w3.org/2001/XMLSchema-instance" xsi:noNamespaceSchemaLocation="file:///CalcificationDB.xsd">
	<Calcification>
		<CalcName>AAV1p1_9</CalcName>
		<ClusterName>AAV1p1</ClusterName>
		<Position3D>
			<XPos>2.869607</XPos>
			<YPos>1.0449803</YPos>
			<ZPos>0.5066179</ZPos>
		</Position3D>
		<BinaryDataRecord>
			<Displacement>8847360</Displacement>
			<Size>1105920</Size>
		</BinaryDataRecord>
		<VoxelCount>
			<CountX>100</CountX>
			<CountY>100</CountY>
			<CountZ>100</CountZ>
		</VoxelCount>
		<VoxelSize>
			<SizeX>0.02</SizeX>
			<SizeY>0.02</SizeY>
			<SizeZ>0.02</SizeZ>
		</VoxelSize>
		<Characteristics>
			<NumVoxels>4246</NumVoxels>
			<Volume units="cc">0.033968</Volume>
			<SurfaceArea units="cm sq.">0.0</SurfaceArea>
			<Radius units="cm">0.29</Radius>
			<Directionality>2.23765</Directionality>
			<Eccentricity>0.0</Eccentricity>
			<Shape>0.0</Shape>
			<BB_Size>
			<SizeX>0.58</SizeX>
			<SizeY>0.54</SizeY>
			<SizeZ>0.5</SizeZ>
			</BB_Size>
			<BB_Count>
			<SizeX>29</SizeX>
			<SizeY>27</SizeY>
			<SizeZ>25</SizeZ>
			</BB_Count>
		</Characteristics>
	</Calcification>
</Calcifications>
	
