<?xml version="1.0"?>
<Calcifications xmlns:xsi="http://www.w3.org/2001/XMLSchema-instance" xsi:noNamespaceSchemaLocation="file:///CalcificationDB.xsd">
	<Calcification>
		<CalcName>ABP1p1_1</CalcName>
		<ClusterName>ABP1p1</ClusterName>
		<Position3D>
			<XPos>2.4076653</XPos>
			<YPos>1.8653653</YPos>
			<ZPos>3.574713</ZPos>
		</Position3D>
		<BinaryDataRecord>
			<Displacement>0</Displacement>
			<Size>1105920</Size>
		</BinaryDataRecord>
		<VoxelCount>
			<CountX>100</CountX>
			<CountY>100</CountY>
			<CountZ>100</CountZ>
		</VoxelCount>
		<VoxelSize>
			<SizeX>0.02</SizeX>
			<SizeY>0.02</SizeY>
			<SizeZ>0.02</SizeZ>
		</VoxelSize>
		<Characteristics>
			<NumVoxels>2529</NumVoxels>
			<Volume units="cc">0.020232</Volume>
			<SurfaceArea units="cm sq.">0.0</SurfaceArea>
			<Radius units="cm">0.21</Radius>
			<Directionality>2.66106</Directionality>
			<Eccentricity>0.0</Eccentricity>
			<Shape>0.0</Shape>
			<BB_Size>
			<SizeX>0.38</SizeX>
			<SizeY>0.34</SizeY>
			<SizeZ>0.44</SizeZ>
			</BB_Size>
			<BB_Count>
			<SizeX>19</SizeX>
			<SizeY>17</SizeY>
			<SizeZ>22</SizeZ>
			</BB_Count>
		</Characteristics>
	</Calcification>
</Calcifications>
	
