<?xml version="1.0"?>
<Calcifications xmlns:xsi="http://www.w3.org/2001/XMLSchema-instance" xsi:noNamespaceSchemaLocation="file:///CalcificationDB.xsd">
	<Calcification>
		<ClusterName>AER1p1</ClusterName>
		<BinaryDataRecord>
			<Displacement>4423680</Displacement>
			<Size>1105920</Size>
		</BinaryDataRecord>
		<VoxelSize>
			<SizeX>0.02</SizeX>
			<SizeY>0.02</SizeY>
			<SizeZ>0.02</SizeZ>
		</VoxelSize>
		<Characteristics>
			<Malignancy> Benign </Malignancy>
			<Detail> "stromal fibrosis, ductal hyperplasia, w/ atypia, No Ca++" </Detail>
			<NumVoxels>1657</NumVoxels>
			<BB_Size>
			<SizeX>1.28</SizeX>
			<SizeY>1.3800000000000001</SizeY>
			<SizeZ>1.56</SizeZ>
			</BB_Size>
			<BB_Count>
			<SizeX>64</SizeX>
			<SizeY>69</SizeY>
			<SizeZ>78</SizeZ>
			</BB_Count>
		</Characteristics>
	</Calcification>
</Calcifications>
	
