<?xml version="1.0"?>
<Calcifications xmlns:xsi="http://www.w3.org/2001/XMLSchema-instance" xsi:noNamespaceSchemaLocation="file:///CalcificationDB.xsd">
	<Calcification>
		<ClusterName>ADH1p1</ClusterName>
		<BinaryDataRecord>
			<Displacement>11059200</Displacement>
			<Size>1105920</Size>
		</BinaryDataRecord>
		<VoxelSize>
			<SizeX>0.02</SizeX>
			<SizeY>0.02</SizeY>
			<SizeZ>0.02</SizeZ>
		</VoxelSize>
		<Characteristics>
			<Malignancy> Benign </Malignancy>
			<Detail> "stromal fibrosis, ductal hyperplasia, w/ atypia, No Ca++" </Detail>
			<NumVoxels>7042</NumVoxels>
			<BB_Size>
			<SizeX>1.84</SizeX>
			<SizeY>2.06</SizeY>
			<SizeZ>1.4000000000000001</SizeZ>
			</BB_Size>
			<BB_Count>
			<SizeX>92</SizeX>
			<SizeY>103</SizeY>
			<SizeZ>70</SizeZ>
			</BB_Count>
		</Characteristics>
	</Calcification>
</Calcifications>
	
