<?xml version="1.0"?>
<Calcifications xmlns:xsi="http://www.w3.org/2001/XMLSchema-instance" xsi:noNamespaceSchemaLocation="file:///CalcificationDB.xsd">
	<Calcification>
		<ClusterName>AEO1p1</ClusterName>
		<BinaryDataRecord>
			<Displacement>13271040</Displacement>
			<Size>1105920</Size>
		</BinaryDataRecord>
		<VoxelSize>
			<SizeX>0.02</SizeX>
			<SizeY>0.02</SizeY>
			<SizeZ>0.02</SizeZ>
		</VoxelSize>
		<Characteristics>
			<Malignancy> Benign </Malignancy>
			<Detail> "stromal fibrosis, ductal hyperplasia, w/ atypia, No Ca++" </Detail>
			<NumVoxels>11807</NumVoxels>
			<BB_Size>
			<SizeX>1.8800000000000001</SizeX>
			<SizeY>2.4</SizeY>
			<SizeZ>5.08</SizeZ>
			</BB_Size>
			<BB_Count>
			<SizeX>94</SizeX>
			<SizeY>120</SizeY>
			<SizeZ>254</SizeZ>
			</BB_Count>
		</Characteristics>
	</Calcification>
</Calcifications>
	
