<?xml version="1.0"?>
<Masses>
	<Mass>
		<MassName>Mass_branching_Stellate_VanDerVeken_thick13_thin164</MassName>
		<Position3D>
			<XPos>175</XPos>
			<YPos>175</YPos>
			<ZPos>175</ZPos>
		</Position3D>
		<BinaryDataRecord>
			<Displacement>0</Displacement>
			<Size>0</Size>
		</BinaryDataRecord>
		<VoxelCount>
			<CountX>350</CountX>
			<CountY>350</CountY>
			<CountZ>350</CountZ>
		</VoxelCount>
		<VoxelSize>
			<SizeX>0.05</SizeX>
			<SizeY>0.05</SizeY>
			<SizeZ>0.05</SizeZ>
		</VoxelSize>
	</Mass>
</Masses>
	
