<?xml version="1.0"?>
<Calcifications xmlns:xsi="http://www.w3.org/2001/XMLSchema-instance" xsi:noNamespaceSchemaLocation="file:///CalcificationDB.xsd">
	<Calcification>
		<ClusterName>AAC1p1</ClusterName>
		<BinaryDataRecord>
			<Displacement>14376960</Displacement>
			<Size>1105920</Size>
		</BinaryDataRecord>
		<VoxelSize>
			<SizeX>0.02</SizeX>
			<SizeY>0.02</SizeY>
			<SizeZ>0.02</SizeZ>
		</VoxelSize>
		<Characteristics>
			<Malignancy> Benign </Malignancy>
			<Detail> "stromal fibrosis, ductal hyperplasia, w/ atypia, No Ca++" </Detail>
			<NumVoxels>759</NumVoxels>
			<BB_Size>
			<SizeX>0.96</SizeX>
			<SizeY>0.8200000000000001</SizeY>
			<SizeZ>0.5</SizeZ>
			</BB_Size>
			<BB_Count>
			<SizeX>48</SizeX>
			<SizeY>41</SizeY>
			<SizeZ>25</SizeZ>
			</BB_Count>
		</Characteristics>
	</Calcification>
</Calcifications>
	
