<?xml version="1.0"?>
<Calcifications xmlns:xsi="http://www.w3.org/2001/XMLSchema-instance" xsi:noNamespaceSchemaLocation="file:///CalcificationDB.xsd">
	<Calcification>
		<CalcName>AAT1p1_2</CalcName>
		<ClusterName>AAT1p1</ClusterName>
		<Position3D>
			<XPos>2.1906872</XPos>
			<YPos>1.1721218</YPos>
			<ZPos>0.4624903</ZPos>
		</Position3D>
		<BinaryDataRecord>
			<Displacement>1105920</Displacement>
			<Size>1105920</Size>
		</BinaryDataRecord>
		<VoxelCount>
			<CountX>100</CountX>
			<CountY>100</CountY>
			<CountZ>100</CountZ>
		</VoxelCount>
		<VoxelSize>
			<SizeX>0.02</SizeX>
			<SizeY>0.02</SizeY>
			<SizeZ>0.02</SizeZ>
		</VoxelSize>
		<Characteristics>
			<NumVoxels>197</NumVoxels>
			<Volume units="cc">0.001576</Volume>
			<SurfaceArea units="cm sq.">0.0</SurfaceArea>
			<Radius units="cm">0.11</Radius>
			<Directionality>5.05051</Directionality>
			<Eccentricity>0.0</Eccentricity>
			<Shape>0.0</Shape>
			<BB_Size>
			<SizeX>0.2</SizeX>
			<SizeY>0.22</SizeY>
			<SizeZ>0.2</SizeZ>
			</BB_Size>
			<BB_Count>
			<SizeX>10</SizeX>
			<SizeY>11</SizeY>
			<SizeZ>10</SizeZ>
			</BB_Count>
		</Characteristics>
	</Calcification>
</Calcifications>
	
