<?xml version="1.0"?>
<Calcifications xmlns:xsi="http://www.w3.org/2001/XMLSchema-instance" xsi:noNamespaceSchemaLocation="file:///CalcificationDB.xsd">
	<Calcification>
		<ClusterName>AAB2p1</ClusterName>
		<BinaryDataRecord>
			<Displacement>68567040</Displacement>
			<Size>1105920</Size>
		</BinaryDataRecord>
		<VoxelSize>
			<SizeX>0.02</SizeX>
			<SizeY>0.02</SizeY>
			<SizeZ>0.02</SizeZ>
		</VoxelSize>
		<Characteristics>
			<Malignancy> Benign </Malignancy>
			<Detail> "stromal fibrosis, ductal hyperplasia, w/ atypia, No Ca++" </Detail>
			<NumVoxels>3875</NumVoxels>
			<BB_Size>
			<SizeX>4.1</SizeX>
			<SizeY>2.74</SizeY>
			<SizeZ>0.78</SizeZ>
			</BB_Size>
			<BB_Count>
			<SizeX>205</SizeX>
			<SizeY>137</SizeY>
			<SizeZ>39</SizeZ>
			</BB_Count>
		</Characteristics>
	</Calcification>
</Calcifications>
	
