<?xml version="1.0"?>
<Calcifications xmlns:xsi="http://www.w3.org/2001/XMLSchema-instance" xsi:noNamespaceSchemaLocation="file:///CalcificationDB.xsd">
	<Calcification>
		<CalcName>ABP1p1_5</CalcName>
		<ClusterName>ABP1p1</ClusterName>
		<Position3D>
			<XPos>2.2352772</XPos>
			<YPos>1.7867219</YPos>
			<ZPos>3.6067414</ZPos>
		</Position3D>
		<BinaryDataRecord>
			<Displacement>4423680</Displacement>
			<Size>1105920</Size>
		</BinaryDataRecord>
		<VoxelCount>
			<CountX>100</CountX>
			<CountY>100</CountY>
			<CountZ>100</CountZ>
		</VoxelCount>
		<VoxelSize>
			<SizeX>0.02</SizeX>
			<SizeY>0.02</SizeY>
			<SizeZ>0.02</SizeZ>
		</VoxelSize>
		<Characteristics>
			<NumVoxels>62</NumVoxels>
			<Volume units="cc">4.96E-4</Volume>
			<SurfaceArea units="cm sq.">0.0</SurfaceArea>
			<Radius units="cm">0.06</Radius>
			<Directionality>10.0</Directionality>
			<Eccentricity>0.0</Eccentricity>
			<Shape>0.0</Shape>
			<BB_Size>
			<SizeX>0.12</SizeX>
			<SizeY>0.1</SizeY>
			<SizeZ>0.14</SizeZ>
			</BB_Size>
			<BB_Count>
			<SizeX>6</SizeX>
			<SizeY>5</SizeY>
			<SizeZ>7</SizeZ>
			</BB_Count>
		</Characteristics>
	</Calcification>
</Calcifications>
	
