<?xml version="1.0"?>
<Calcifications xmlns:xsi="http://www.w3.org/2001/XMLSchema-instance" xsi:noNamespaceSchemaLocation="file:///CalcificationDB.xsd">
	<Calcification>
		<CalcName>AAA1p1_12</CalcName>
		<ClusterName>AAA1p1</ClusterName>
		<Position3D>
			<XPos>1.1722842</XPos>
			<YPos>3.9594085</YPos>
			<ZPos>3.2121089</ZPos>
		</Position3D>
		<BinaryDataRecord>
			<Displacement>12165120</Displacement>
			<Size>1105920</Size>
		</BinaryDataRecord>
		<VoxelCount>
			<CountX>100</CountX>
			<CountY>100</CountY>
			<CountZ>100</CountZ>
		</VoxelCount>
		<VoxelSize>
			<SizeX>0.02</SizeX>
			<SizeY>0.02</SizeY>
			<SizeZ>0.02</SizeZ>
		</VoxelSize>
		<Characteristics>
			<NumVoxels>9</NumVoxels>
			<Volume units="cc">-5.0</Volume>
			<SurfaceArea units="cm sq.">0.0</SurfaceArea>
			<Radius units="cm">0.04</Radius>
			<Directionality>25.0</Directionality>
			<Eccentricity>0.0</Eccentricity>
			<Shape>0.0</Shape>
			<BB_Size>
			<SizeX>0.08</SizeX>
			<SizeY>0.04</SizeY>
			<SizeZ>0.1</SizeZ>
			</BB_Size>
			<BB_Count>
			<SizeX>4</SizeX>
			<SizeY>2</SizeY>
			<SizeZ>5</SizeZ>
			</BB_Count>
		</Characteristics>
	</Calcification>
</Calcifications>
	
