<?xml version="1.0"?>
<Calcifications xmlns:xsi="http://www.w3.org/2001/XMLSchema-instance" xsi:noNamespaceSchemaLocation="file:///CalcificationDB.xsd">
	<Calcification>
		<CalcName>ADG1p1_1</CalcName>
		<ClusterName>ADG1p1</ClusterName>
		<Position3D>
			<XPos>1.6158316</XPos>
			<YPos>1.3735489</YPos>
			<ZPos>3.0903022</ZPos>
		</Position3D>
		<BinaryDataRecord>
			<Displacement>0</Displacement>
			<Size>1105920</Size>
		</BinaryDataRecord>
		<VoxelCount>
			<CountX>100</CountX>
			<CountY>100</CountY>
			<CountZ>100</CountZ>
		</VoxelCount>
		<VoxelSize>
			<SizeX>0.02</SizeX>
			<SizeY>0.02</SizeY>
			<SizeZ>0.02</SizeZ>
		</VoxelSize>
		<Characteristics>
			<NumVoxels>10680</NumVoxels>
			<Volume units="cc">0.08544</Volume>
			<SurfaceArea units="cm sq.">0.0</SurfaceArea>
			<Radius units="cm">0.29</Radius>
			<Directionality>1.85185</Directionality>
			<Eccentricity>0.0</Eccentricity>
			<Shape>0.0</Shape>
			<BB_Size>
			<SizeX>0.58</SizeX>
			<SizeY>0.54</SizeY>
			<SizeZ>0.6</SizeZ>
			</BB_Size>
			<BB_Count>
			<SizeX>29</SizeX>
			<SizeY>27</SizeY>
			<SizeZ>30</SizeZ>
			</BB_Count>
		</Characteristics>
	</Calcification>
</Calcifications>
	
