<?xml version="1.0"?>
<Calcifications xmlns:xsi="http://www.w3.org/2001/XMLSchema-instance" xsi:noNamespaceSchemaLocation="file:///CalcificationDB.xsd">
	<Calcification>
		<ClusterName>AES1p1</ClusterName>
		<BinaryDataRecord>
			<Displacement>6635520</Displacement>
			<Size>1105920</Size>
		</BinaryDataRecord>
		<VoxelSize>
			<SizeX>0.02</SizeX>
			<SizeY>0.02</SizeY>
			<SizeZ>0.02</SizeZ>
		</VoxelSize>
		<Characteristics>
			<Malignancy> Benign </Malignancy>
			<Detail> "stromal fibrosis, ductal hyperplasia, w/ atypia, No Ca++" </Detail>
			<NumVoxels>22289</NumVoxels>
			<BB_Size>
			<SizeX>1.32</SizeX>
			<SizeY>1.82</SizeY>
			<SizeZ>1.28</SizeZ>
			</BB_Size>
			<BB_Count>
			<SizeX>66</SizeX>
			<SizeY>91</SizeY>
			<SizeZ>64</SizeZ>
			</BB_Count>
		</Characteristics>
	</Calcification>
</Calcifications>
	
