<?xml version="1.0"?>
<Calcifications xmlns:xsi="http://www.w3.org/2001/XMLSchema-instance" xsi:noNamespaceSchemaLocation="file:///CalcificationDB.xsd">
	<Calcification>
		<CalcName>ACP1p1_1</CalcName>
		<ClusterName>ACP1p1</ClusterName>
		<Position3D>
			<XPos>2.9169879</XPos>
			<YPos>3.5681281</YPos>
			<ZPos>2.8288565</ZPos>
		</Position3D>
		<BinaryDataRecord>
			<Displacement>0</Displacement>
			<Size>1105920</Size>
		</BinaryDataRecord>
		<VoxelCount>
			<CountX>100</CountX>
			<CountY>100</CountY>
			<CountZ>100</CountZ>
		</VoxelCount>
		<VoxelSize>
			<SizeX>0.02</SizeX>
			<SizeY>0.02</SizeY>
			<SizeZ>0.02</SizeZ>
		</VoxelSize>
		<Characteristics>
			<NumVoxels>7398</NumVoxels>
			<Volume units="cc">0.0</Volume>
			<SurfaceArea units="cm sq.">0.0</SurfaceArea>
			<Radius units="cm">0.0</Radius>
			<Directionality>0.0</Directionality>
			<Eccentricity>0.0</Eccentricity>
			<Shape>0.0</Shape>
			<BB_Size>
			<SizeX>0.54</SizeX>
			<SizeY>0.52</SizeY>
			<SizeZ>0.52</SizeZ>
			</BB_Size>
			<BB_Count>
			<SizeX>27</SizeX>
			<SizeY>26</SizeY>
			<SizeZ>26</SizeZ>
			</BB_Count>
		</Characteristics>
	</Calcification>
</Calcifications>
	
