<?xml version="1.0"?>
<Calcifications xmlns:xsi="http://www.w3.org/2001/XMLSchema-instance" xsi:noNamespaceSchemaLocation="file:///CalcificationDB.xsd">
	<Calcification>
		<CalcName>AAB2p1_19</CalcName>
		<ClusterName>AAB2p1</ClusterName>
		<Position3D>
			<XPos>2.7563443</XPos>
			<YPos>2.9851327</YPos>
			<ZPos>0.796378</ZPos>
		</Position3D>
		<BinaryDataRecord>
			<Displacement>19906560</Displacement>
			<Size>1105920</Size>
		</BinaryDataRecord>
		<VoxelCount>
			<CountX>100</CountX>
			<CountY>100</CountY>
			<CountZ>100</CountZ>
		</VoxelCount>
		<VoxelSize>
			<SizeX>0.02</SizeX>
			<SizeY>0.02</SizeY>
			<SizeZ>0.02</SizeZ>
		</VoxelSize>
		<Characteristics>
			<NumVoxels>916</NumVoxels>
			<Volume units="cc">0.007328</Volume>
			<SurfaceArea units="cm sq.">0.0</SurfaceArea>
			<Radius units="cm">0.19</Radius>
			<Directionality>5.59211</Directionality>
			<Eccentricity>0.0</Eccentricity>
			<Shape>0.0</Shape>
			<BB_Size>
			<SizeX>0.34</SizeX>
			<SizeY>0.16</SizeY>
			<SizeZ>0.4</SizeZ>
			</BB_Size>
			<BB_Count>
			<SizeX>17</SizeX>
			<SizeY>8</SizeY>
			<SizeZ>20</SizeZ>
			</BB_Count>
		</Characteristics>
	</Calcification>
</Calcifications>
	
