<?xml version="1.0"?>
<Calcifications xmlns:xsi="http://www.w3.org/2001/XMLSchema-instance" xsi:noNamespaceSchemaLocation="file:///CalcificationDB.xsd">
	<Calcification>
		<CalcName>AER1p1_4</CalcName>
		<ClusterName>AER1p1</ClusterName>
		<Position3D>
			<XPos>1.7911125</XPos>
			<YPos>2.0121293</YPos>
			<ZPos>5.0986867</ZPos>
		</Position3D>
		<BinaryDataRecord>
			<Displacement>3317760</Displacement>
			<Size>1105920</Size>
		</BinaryDataRecord>
		<VoxelCount>
			<CountX>100</CountX>
			<CountY>100</CountY>
			<CountZ>100</CountZ>
		</VoxelCount>
		<VoxelSize>
			<SizeX>0.02</SizeX>
			<SizeY>0.02</SizeY>
			<SizeZ>0.02</SizeZ>
		</VoxelSize>
		<Characteristics>
			<NumVoxels>1084</NumVoxels>
			<Volume units="cc">0.008672</Volume>
			<SurfaceArea units="cm sq.">0.0</SurfaceArea>
			<Radius units="cm">0.23</Radius>
			<Directionality>1.75983</Directionality>
			<Eccentricity>0.0</Eccentricity>
			<Shape>0.0</Shape>
			<BB_Size>
			<SizeX>0.34</SizeX>
			<SizeY>0.46</SizeY>
			<SizeZ>0.44</SizeZ>
			</BB_Size>
			<BB_Count>
			<SizeX>17</SizeX>
			<SizeY>23</SizeY>
			<SizeZ>22</SizeZ>
			</BB_Count>
		</Characteristics>
	</Calcification>
</Calcifications>
	
