<?xml version="1.0"?>
<Calcifications xmlns:xsi="http://www.w3.org/2001/XMLSchema-instance" xsi:noNamespaceSchemaLocation="file:///CalcificationDB.xsd">
	<Calcification>
		<CalcName>ACK1p1_1</CalcName>
		<ClusterName>ACK1p1</ClusterName>
		<Position3D>
			<XPos>1.1895847</XPos>
			<YPos>2.8582556</YPos>
			<ZPos>1.8963985</ZPos>
		</Position3D>
		<BinaryDataRecord>
			<Displacement>0</Displacement>
			<Size>1105920</Size>
		</BinaryDataRecord>
		<VoxelCount>
			<CountX>100</CountX>
			<CountY>100</CountY>
			<CountZ>100</CountZ>
		</VoxelCount>
		<VoxelSize>
			<SizeX>0.02</SizeX>
			<SizeY>0.02</SizeY>
			<SizeZ>0.02</SizeZ>
		</VoxelSize>
		<Characteristics>
			<NumVoxels>12435</NumVoxels>
			<Volume units="cc">0.09948</Volume>
			<SurfaceArea units="cm sq.">0.0</SurfaceArea>
			<Radius units="cm">0.39</Radius>
			<Directionality>2.18855</Directionality>
			<Eccentricity>0.0</Eccentricity>
			<Shape>0.0</Shape>
			<BB_Size>
			<SizeX>0.78</SizeX>
			<SizeY>0.54</SizeY>
			<SizeZ>0.68</SizeZ>
			</BB_Size>
			<BB_Count>
			<SizeX>39</SizeX>
			<SizeY>27</SizeY>
			<SizeZ>34</SizeZ>
			</BB_Count>
		</Characteristics>
	</Calcification>
</Calcifications>
	
