<?xml version="1.0"?>
<Calcifications xmlns:xsi="http://www.w3.org/2001/XMLSchema-instance" xsi:noNamespaceSchemaLocation="file:///CalcificationDB.xsd">
	<Calcification>
		<CalcName>ACI1p1_2</CalcName>
		<ClusterName>ACI1p1</ClusterName>
		<Position3D>
			<XPos>2.0937366</XPos>
			<YPos>1.5283273</YPos>
			<ZPos>2.6643453</ZPos>
		</Position3D>
		<BinaryDataRecord>
			<Displacement>1105920</Displacement>
			<Size>1105920</Size>
		</BinaryDataRecord>
		<VoxelCount>
			<CountX>100</CountX>
			<CountY>100</CountY>
			<CountZ>100</CountZ>
		</VoxelCount>
		<VoxelSize>
			<SizeX>0.02</SizeX>
			<SizeY>0.02</SizeY>
			<SizeZ>0.02</SizeZ>
		</VoxelSize>
		<Characteristics>
			<NumVoxels>703</NumVoxels>
			<Volume units="cc">0.005624</Volume>
			<SurfaceArea units="cm sq.">0.0</SurfaceArea>
			<Radius units="cm">0.16</Radius>
			<Directionality>7.14286</Directionality>
			<Eccentricity>0.0</Eccentricity>
			<Shape>0.0</Shape>
			<BB_Size>
			<SizeX>0.32</SizeX>
			<SizeY>0.16</SizeY>
			<SizeZ>0.3</SizeZ>
			</BB_Size>
			<BB_Count>
			<SizeX>16</SizeX>
			<SizeY>8</SizeY>
			<SizeZ>15</SizeZ>
			</BB_Count>
		</Characteristics>
	</Calcification>
</Calcifications>
	
