<?xml version="1.0"?>
<Calcifications xmlns:xsi="http://www.w3.org/2001/XMLSchema-instance" xsi:noNamespaceSchemaLocation="file:///CalcificationDB.xsd">
	<Calcification>
		<ClusterName>AEJb1p1</ClusterName>
		<BinaryDataRecord>
			<Displacement>22118400</Displacement>
			<Size>1105920</Size>
		</BinaryDataRecord>
		<VoxelSize>
			<SizeX>0.02</SizeX>
			<SizeY>0.02</SizeY>
			<SizeZ>0.02</SizeZ>
		</VoxelSize>
		<Characteristics>
			<Malignancy> Benign </Malignancy>
			<Detail> "stromal fibrosis, ductal hyperplasia, w/ atypia, No Ca++" </Detail>
			<NumVoxels>4484</NumVoxels>
			<BB_Size>
			<SizeX>1.36</SizeX>
			<SizeY>3.64</SizeY>
			<SizeZ>1.12</SizeZ>
			</BB_Size>
			<BB_Count>
			<SizeX>68</SizeX>
			<SizeY>182</SizeY>
			<SizeZ>56</SizeZ>
			</BB_Count>
		</Characteristics>
	</Calcification>
</Calcifications>
	
