<?xml version="1.0"?>
<Calcifications xmlns:xsi="http://www.w3.org/2001/XMLSchema-instance" xsi:noNamespaceSchemaLocation="file:///CalcificationDB.xsd">
	<Calcification>
		<ClusterName>AEI1p1</ClusterName>
		<BinaryDataRecord>
			<Displacement>8847360</Displacement>
			<Size>1105920</Size>
		</BinaryDataRecord>
		<VoxelSize>
			<SizeX>0.02</SizeX>
			<SizeY>0.02</SizeY>
			<SizeZ>0.02</SizeZ>
		</VoxelSize>
		<Characteristics>
			<Malignancy> Benign </Malignancy>
			<Detail> "stromal fibrosis, ductal hyperplasia, w/ atypia, No Ca++" </Detail>
			<NumVoxels>2643</NumVoxels>
			<BB_Size>
			<SizeX>2.5</SizeX>
			<SizeY>3.48</SizeY>
			<SizeZ>2.04</SizeZ>
			</BB_Size>
			<BB_Count>
			<SizeX>125</SizeX>
			<SizeY>174</SizeY>
			<SizeZ>102</SizeZ>
			</BB_Count>
		</Characteristics>
	</Calcification>
</Calcifications>
	
