<?xml version="1.0"?>
<Calcifications xmlns:xsi="http://www.w3.org/2001/XMLSchema-instance" xsi:noNamespaceSchemaLocation="file:///CalcificationDB.xsd">
	<Calcification>
		<CalcName>AEB1p1_3</CalcName>
		<ClusterName>AEB1p1</ClusterName>
		<Position3D>
			<XPos>2.1047869</XPos>
			<YPos>2.5491395</YPos>
			<ZPos>3.7982213</ZPos>
		</Position3D>
		<BinaryDataRecord>
			<Displacement>2211840</Displacement>
			<Size>1105920</Size>
		</BinaryDataRecord>
		<VoxelCount>
			<CountX>100</CountX>
			<CountY>100</CountY>
			<CountZ>100</CountZ>
		</VoxelCount>
		<VoxelSize>
			<SizeX>0.02</SizeX>
			<SizeY>0.02</SizeY>
			<SizeZ>0.02</SizeZ>
		</VoxelSize>
		<Characteristics>
			<NumVoxels>851</NumVoxels>
			<Volume units="cc">0.0</Volume>
			<SurfaceArea units="cm sq.">0.0</SurfaceArea>
			<Radius units="cm">0.0</Radius>
			<Directionality>0.0</Directionality>
			<Eccentricity>0.0</Eccentricity>
			<Shape>0.0</Shape>
			<BB_Size>
			<SizeX>0.42</SizeX>
			<SizeY>0.26</SizeY>
			<SizeZ>0.28</SizeZ>
			</BB_Size>
			<BB_Count>
			<SizeX>21</SizeX>
			<SizeY>13</SizeY>
			<SizeZ>14</SizeZ>
			</BB_Count>
		</Characteristics>
	</Calcification>
</Calcifications>
	
