<?xml version="1.0"?>
<Calcifications xmlns:xsi="http://www.w3.org/2001/XMLSchema-instance" xsi:noNamespaceSchemaLocation="file:///CalcificationDB.xsd">
	<Calcification>
		<CalcName>ABR1p1_1</CalcName>
		<ClusterName>ABR1p1</ClusterName>
		<Position3D>
			<XPos>3.2462142</XPos>
			<YPos>2.883656</YPos>
			<ZPos>4.3812776</ZPos>
		</Position3D>
		<BinaryDataRecord>
			<Displacement>0</Displacement>
			<Size>1105920</Size>
		</BinaryDataRecord>
		<VoxelCount>
			<CountX>100</CountX>
			<CountY>100</CountY>
			<CountZ>100</CountZ>
		</VoxelCount>
		<VoxelSize>
			<SizeX>0.02</SizeX>
			<SizeY>0.02</SizeY>
			<SizeZ>0.02</SizeZ>
		</VoxelSize>
		<Characteristics>
			<NumVoxels>1011</NumVoxels>
			<Volume units="cc">0.008088</Volume>
			<SurfaceArea units="cm sq.">0.0</SurfaceArea>
			<Radius units="cm">0.28</Radius>
			<Directionality>2.99145</Directionality>
			<Eccentricity>0.0</Eccentricity>
			<Shape>0.0</Shape>
			<BB_Size>
			<SizeX>0.56</SizeX>
			<SizeY>0.52</SizeY>
			<SizeZ>0.38</SizeZ>
			</BB_Size>
			<BB_Count>
			<SizeX>28</SizeX>
			<SizeY>26</SizeY>
			<SizeZ>19</SizeZ>
			</BB_Count>
		</Characteristics>
	</Calcification>
</Calcifications>
	
