<?xml version="1.0"?>
<Calcifications xmlns:xsi="http://www.w3.org/2001/XMLSchema-instance" xsi:noNamespaceSchemaLocation="file:///CalcificationDB.xsd">
	<Calcification>
		<CalcName>AEW1p1_3</CalcName>
		<ClusterName>AEW1p1</ClusterName>
		<Position3D>
			<XPos>1.5648468</XPos>
			<YPos>3.992398</YPos>
			<ZPos>4.6145439</ZPos>
		</Position3D>
		<BinaryDataRecord>
			<Displacement>2211840</Displacement>
			<Size>1105920</Size>
		</BinaryDataRecord>
		<VoxelCount>
			<CountX>100</CountX>
			<CountY>100</CountY>
			<CountZ>100</CountZ>
		</VoxelCount>
		<VoxelSize>
			<SizeX>0.02</SizeX>
			<SizeY>0.02</SizeY>
			<SizeZ>0.02</SizeZ>
		</VoxelSize>
		<Characteristics>
			<NumVoxels>198</NumVoxels>
			<Volume units="cc">0.001584</Volume>
			<SurfaceArea units="cm sq.">0.0</SurfaceArea>
			<Radius units="cm">0.09</Radius>
			<Directionality>6.25</Directionality>
			<Eccentricity>0.0</Eccentricity>
			<Shape>0.0</Shape>
			<BB_Size>
			<SizeX>0.18</SizeX>
			<SizeY>0.16</SizeY>
			<SizeZ>0.2</SizeZ>
			</BB_Size>
			<BB_Count>
			<SizeX>9</SizeX>
			<SizeY>8</SizeY>
			<SizeZ>10</SizeZ>
			</BB_Count>
		</Characteristics>
	</Calcification>
</Calcifications>
	
