<?xml version="1.0"?>
<Calcifications xmlns:xsi="http://www.w3.org/2001/XMLSchema-instance" xsi:noNamespaceSchemaLocation="file:///CalcificationDB.xsd">
	<Calcification>
		<CalcName>AAI1p1_3</CalcName>
		<ClusterName>AAI1p1</ClusterName>
		<Position3D>
			<XPos>3.3514009</XPos>
			<YPos>4.0011883</YPos>
			<ZPos>1.8202704</ZPos>
		</Position3D>
		<BinaryDataRecord>
			<Displacement>2211840</Displacement>
			<Size>1105920</Size>
		</BinaryDataRecord>
		<VoxelCount>
			<CountX>100</CountX>
			<CountY>100</CountY>
			<CountZ>100</CountZ>
		</VoxelCount>
		<VoxelSize>
			<SizeX>0.02</SizeX>
			<SizeY>0.02</SizeY>
			<SizeZ>0.02</SizeZ>
		</VoxelSize>
		<Characteristics>
			<NumVoxels>461</NumVoxels>
			<Volume units="cc">0.003688</Volume>
			<SurfaceArea units="cm sq.">0.0</SurfaceArea>
			<Radius units="cm">0.14</Radius>
			<Directionality>3.96825</Directionality>
			<Eccentricity>0.0</Eccentricity>
			<Shape>0.0</Shape>
			<BB_Size>
			<SizeX>0.2</SizeX>
			<SizeY>0.28</SizeY>
			<SizeZ>0.2</SizeZ>
			</BB_Size>
			<BB_Count>
			<SizeX>10</SizeX>
			<SizeY>14</SizeY>
			<SizeZ>10</SizeZ>
			</BB_Count>
		</Characteristics>
	</Calcification>
</Calcifications>
	
