<?xml version="1.0"?>
<Calcifications xmlns:xsi="http://www.w3.org/2001/XMLSchema-instance" xsi:noNamespaceSchemaLocation="file:///CalcificationDB.xsd">
	<Calcification>
		<CalcName>ADH1p1_11</CalcName>
		<ClusterName>ADH1p1</ClusterName>
		<Position3D>
			<XPos>2.4666696</XPos>
			<YPos>1.7285664</YPos>
			<ZPos>3.6387365</ZPos>
		</Position3D>
		<BinaryDataRecord>
			<Displacement>11059200</Displacement>
			<Size>1105920</Size>
		</BinaryDataRecord>
		<VoxelCount>
			<CountX>100</CountX>
			<CountY>100</CountY>
			<CountZ>100</CountZ>
		</VoxelCount>
		<VoxelSize>
			<SizeX>0.02</SizeX>
			<SizeY>0.02</SizeY>
			<SizeZ>0.02</SizeZ>
		</VoxelSize>
		<Characteristics>
			<NumVoxels>10</NumVoxels>
			<Volume units="cc">-5.0</Volume>
			<SurfaceArea units="cm sq.">0.0</SurfaceArea>
			<Radius units="cm">0.08</Radius>
			<Directionality>44.4444</Directionality>
			<Eccentricity>0.0</Eccentricity>
			<Shape>0.0</Shape>
			<BB_Size>
			<SizeX>0.16</SizeX>
			<SizeY>0.06</SizeY>
			<SizeZ>0.08</SizeZ>
			</BB_Size>
			<BB_Count>
			<SizeX>8</SizeX>
			<SizeY>3</SizeY>
			<SizeZ>4</SizeZ>
			</BB_Count>
		</Characteristics>
	</Calcification>
</Calcifications>
	
