<?xml version="1.0"?>
<Calcifications xmlns:xsi="http://www.w3.org/2001/XMLSchema-instance" xsi:noNamespaceSchemaLocation="file:///CalcificationDB.xsd">
	<Calcification>
		<CalcName>AEV1p1_4</CalcName>
		<ClusterName>AEV1p1</ClusterName>
		<Position3D>
			<XPos>3.0922828</XPos>
			<YPos>4.6261325</YPos>
			<ZPos>2.9843519</ZPos>
		</Position3D>
		<BinaryDataRecord>
			<Displacement>3317760</Displacement>
			<Size>1105920</Size>
		</BinaryDataRecord>
		<VoxelCount>
			<CountX>100</CountX>
			<CountY>100</CountY>
			<CountZ>100</CountZ>
		</VoxelCount>
		<VoxelSize>
			<SizeX>0.02</SizeX>
			<SizeY>0.02</SizeY>
			<SizeZ>0.02</SizeZ>
		</VoxelSize>
		<Characteristics>
			<NumVoxels>2</NumVoxels>
			<Volume units="cc">-5.0</Volume>
			<SurfaceArea units="cm sq.">0.0</SurfaceArea>
			<Radius units="cm">0.12</Radius>
			<Directionality>75.0</Directionality>
			<Eccentricity>0.0</Eccentricity>
			<Shape>0.0</Shape>
			<BB_Size>
			<SizeX>0.24</SizeX>
			<SizeY>0.04</SizeY>
			<SizeZ>0.1</SizeZ>
			</BB_Size>
			<BB_Count>
			<SizeX>12</SizeX>
			<SizeY>2</SizeY>
			<SizeZ>5</SizeZ>
			</BB_Count>
		</Characteristics>
	</Calcification>
</Calcifications>
	
