<?xml version="1.0"?>
<Calcifications xmlns:xsi="http://www.w3.org/2001/XMLSchema-instance" xsi:noNamespaceSchemaLocation="file:///CalcificationDB.xsd">
	<Calcification>
		<CalcName>AAA3p1_11</CalcName>
		<ClusterName>AAA3p1</ClusterName>
		<Position3D>
			<XPos>2.6396027</XPos>
			<YPos>4.2184968</YPos>
			<ZPos>2.6395941</ZPos>
		</Position3D>
		<BinaryDataRecord>
			<Displacement>11059200</Displacement>
			<Size>1105920</Size>
		</BinaryDataRecord>
		<VoxelCount>
			<CountX>100</CountX>
			<CountY>100</CountY>
			<CountZ>100</CountZ>
		</VoxelCount>
		<VoxelSize>
			<SizeX>0.02</SizeX>
			<SizeY>0.02</SizeY>
			<SizeZ>0.02</SizeZ>
		</VoxelSize>
		<Characteristics>
			<NumVoxels>1</NumVoxels>
			<Volume units="cc">-6.0</Volume>
			<SurfaceArea units="cm sq.">0.0</SurfaceArea>
			<Radius units="cm">0.01</Radius>
			<Directionality>50.0</Directionality>
			<Eccentricity>1.0</Eccentricity>
			<Shape>0.0</Shape>
			<BB_Size>
			<SizeX>0.02</SizeX>
			<SizeY>0.02</SizeY>
			<SizeZ>0.04</SizeZ>
			</BB_Size>
			<BB_Count>
			<SizeX>1</SizeX>
			<SizeY>1</SizeY>
			<SizeZ>2</SizeZ>
			</BB_Count>
		</Characteristics>
	</Calcification>
</Calcifications>
	
