<?xml version="1.0"?>
<Calcifications xmlns:xsi="http://www.w3.org/2001/XMLSchema-instance" xsi:noNamespaceSchemaLocation="file:///CalcificationDB.xsd">
	<Calcification>
		<CalcName>ADQ1bp1_3</CalcName>
		<ClusterName>ADQ1bp1</ClusterName>
		<Position3D>
			<XPos>1.6947899</XPos>
			<YPos>1.840225</YPos>
			<ZPos>3.1877859</ZPos>
		</Position3D>
		<BinaryDataRecord>
			<Displacement>2211840</Displacement>
			<Size>1105920</Size>
		</BinaryDataRecord>
		<VoxelCount>
			<CountX>100</CountX>
			<CountY>100</CountY>
			<CountZ>100</CountZ>
		</VoxelCount>
		<VoxelSize>
			<SizeX>0.02</SizeX>
			<SizeY>0.02</SizeY>
			<SizeZ>0.02</SizeZ>
		</VoxelSize>
		<Characteristics>
			<NumVoxels>85</NumVoxels>
			<Volume units="cc">6.8E-4</Volume>
			<SurfaceArea units="cm sq.">0.0</SurfaceArea>
			<Radius units="cm">0.07</Radius>
			<Directionality>9.72222</Directionality>
			<Eccentricity>0.0</Eccentricity>
			<Shape>0.0</Shape>
			<BB_Size>
			<SizeX>0.14</SizeX>
			<SizeY>0.12</SizeY>
			<SizeZ>0.14</SizeZ>
			</BB_Size>
			<BB_Count>
			<SizeX>7</SizeX>
			<SizeY>6</SizeY>
			<SizeZ>7</SizeZ>
			</BB_Count>
		</Characteristics>
	</Calcification>
</Calcifications>
	
