<?xml version="1.0"?>
<Calcifications xmlns:xsi="http://www.w3.org/2001/XMLSchema-instance" xsi:noNamespaceSchemaLocation="file:///CalcificationDB.xsd">
	<Calcification>
		<CalcName>AAV1p1_6</CalcName>
		<ClusterName>AAV1p1</ClusterName>
		<Position3D>
			<XPos>2.9873974</XPos>
			<YPos>1.4354138</YPos>
			<ZPos>0.6649882</ZPos>
		</Position3D>
		<BinaryDataRecord>
			<Displacement>5529600</Displacement>
			<Size>1105920</Size>
		</BinaryDataRecord>
		<VoxelCount>
			<CountX>100</CountX>
			<CountY>100</CountY>
			<CountZ>100</CountZ>
		</VoxelCount>
		<VoxelSize>
			<SizeX>0.02</SizeX>
			<SizeY>0.02</SizeY>
			<SizeZ>0.02</SizeZ>
		</VoxelSize>
		<Characteristics>
			<NumVoxels>3413</NumVoxels>
			<Volume units="cc">0.027304</Volume>
			<SurfaceArea units="cm sq.">0.0</SurfaceArea>
			<Radius units="cm">0.29</Radius>
			<Directionality>3.29545</Directionality>
			<Eccentricity>0.0</Eccentricity>
			<Shape>0.0</Shape>
			<BB_Size>
			<SizeX>0.58</SizeX>
			<SizeY>0.4</SizeY>
			<SizeZ>0.46</SizeZ>
			</BB_Size>
			<BB_Count>
			<SizeX>29</SizeX>
			<SizeY>20</SizeY>
			<SizeZ>23</SizeZ>
			</BB_Count>
		</Characteristics>
	</Calcification>
</Calcifications>
	
