<?xml version="1.0"?>
<Calcifications xmlns:xsi="http://www.w3.org/2001/XMLSchema-instance" xsi:noNamespaceSchemaLocation="file:///CalcificationDB.xsd">
	<Calcification>
		<CalcName>ACK1p1_31</CalcName>
		<ClusterName>ACK1p1</ClusterName>
		<Position3D>
			<XPos>3.4497817</XPos>
			<YPos>4.8499866</YPos>
			<ZPos>1.9470503</ZPos>
		</Position3D>
		<BinaryDataRecord>
			<Displacement>33177600</Displacement>
			<Size>1105920</Size>
		</BinaryDataRecord>
		<VoxelCount>
			<CountX>100</CountX>
			<CountY>100</CountY>
			<CountZ>100</CountZ>
		</VoxelCount>
		<VoxelSize>
			<SizeX>0.02</SizeX>
			<SizeY>0.02</SizeY>
			<SizeZ>0.02</SizeZ>
		</VoxelSize>
		<Characteristics>
			<NumVoxels>77</NumVoxels>
			<Volume units="cc">6.16E-4</Volume>
			<SurfaceArea units="cm sq.">0.0</SurfaceArea>
			<Radius units="cm">0.08</Radius>
			<Directionality>14.2857</Directionality>
			<Eccentricity>0.0</Eccentricity>
			<Shape>0.0</Shape>
			<BB_Size>
			<SizeX>0.16</SizeX>
			<SizeY>0.08</SizeY>
			<SizeZ>0.16</SizeZ>
			</BB_Size>
			<BB_Count>
			<SizeX>8</SizeX>
			<SizeY>4</SizeY>
			<SizeZ>8</SizeZ>
			</BB_Count>
		</Characteristics>
	</Calcification>
</Calcifications>
	
