<?xml version="1.0"?>
<Calcifications xmlns:xsi="http://www.w3.org/2001/XMLSchema-instance" xsi:noNamespaceSchemaLocation="file:///CalcificationDB.xsd">
	<Calcification>
		<CalcName>AEJa1p1_7</CalcName>
		<ClusterName>AEJa1p1</ClusterName>
		<Position3D>
			<XPos>3.1392541</XPos>
			<YPos>4.3265257</YPos>
			<ZPos>4.9304924</ZPos>
		</Position3D>
		<BinaryDataRecord>
			<Displacement>6635520</Displacement>
			<Size>1105920</Size>
		</BinaryDataRecord>
		<VoxelCount>
			<CountX>100</CountX>
			<CountY>100</CountY>
			<CountZ>100</CountZ>
		</VoxelCount>
		<VoxelSize>
			<SizeX>0.02</SizeX>
			<SizeY>0.02</SizeY>
			<SizeZ>0.02</SizeZ>
		</VoxelSize>
		<Characteristics>
			<NumVoxels>33</NumVoxels>
			<Volume units="cc">2.64E-4</Volume>
			<SurfaceArea units="cm sq.">0.0</SurfaceArea>
			<Radius units="cm">0.06</Radius>
			<Directionality>30.0</Directionality>
			<Eccentricity>0.0</Eccentricity>
			<Shape>0.0</Shape>
			<BB_Size>
			<SizeX>0.12</SizeX>
			<SizeY>0.04</SizeY>
			<SizeZ>0.12</SizeZ>
			</BB_Size>
			<BB_Count>
			<SizeX>6</SizeX>
			<SizeY>2</SizeY>
			<SizeZ>6</SizeZ>
			</BB_Count>
		</Characteristics>
	</Calcification>
</Calcifications>
	
