<?xml version="1.0"?>
<Calcifications xmlns:xsi="http://www.w3.org/2001/XMLSchema-instance" xsi:noNamespaceSchemaLocation="file:///CalcificationDB.xsd">
	<Calcification>
		<CalcName>ACK1p1_2</CalcName>
		<ClusterName>ACK1p1</ClusterName>
		<Position3D>
			<XPos>2.8691444</XPos>
			<YPos>3.5675762</YPos>
			<ZPos>1.692986</ZPos>
		</Position3D>
		<BinaryDataRecord>
			<Displacement>1105920</Displacement>
			<Size>1105920</Size>
		</BinaryDataRecord>
		<VoxelCount>
			<CountX>100</CountX>
			<CountY>100</CountY>
			<CountZ>100</CountZ>
		</VoxelCount>
		<VoxelSize>
			<SizeX>0.02</SizeX>
			<SizeY>0.02</SizeY>
			<SizeZ>0.02</SizeZ>
		</VoxelSize>
		<Characteristics>
			<NumVoxels>4117</NumVoxels>
			<Volume units="cc">0.032936</Volume>
			<SurfaceArea units="cm sq.">0.0</SurfaceArea>
			<Radius units="cm">0.32</Radius>
			<Directionality>1.67026</Directionality>
			<Eccentricity>0.0</Eccentricity>
			<Shape>0.0</Shape>
			<BB_Size>
			<SizeX>0.62</SizeX>
			<SizeY>0.64</SizeY>
			<SizeZ>0.6</SizeZ>
			</BB_Size>
			<BB_Count>
			<SizeX>31</SizeX>
			<SizeY>32</SizeY>
			<SizeZ>30</SizeZ>
			</BB_Count>
		</Characteristics>
	</Calcification>
</Calcifications>
	
