<?xml version="1.0"?>
<Calcifications xmlns:xsi="http://www.w3.org/2001/XMLSchema-instance" xsi:noNamespaceSchemaLocation="file:///CalcificationDB.xsd">
	<Calcification>
		<ClusterName>AEQ1p1</ClusterName>
		<BinaryDataRecord>
			<Displacement>11059200</Displacement>
			<Size>1105920</Size>
		</BinaryDataRecord>
		<VoxelSize>
			<SizeX>0.02</SizeX>
			<SizeY>0.02</SizeY>
			<SizeZ>0.02</SizeZ>
		</VoxelSize>
		<Characteristics>
			<Malignancy> Benign </Malignancy>
			<Detail> "stromal fibrosis, ductal hyperplasia, w/ atypia, No Ca++" </Detail>
			<NumVoxels>1170</NumVoxels>
			<BB_Size>
			<SizeX>2.42</SizeX>
			<SizeY>1.82</SizeY>
			<SizeZ>2.2800000000000002</SizeZ>
			</BB_Size>
			<BB_Count>
			<SizeX>121</SizeX>
			<SizeY>91</SizeY>
			<SizeZ>114</SizeZ>
			</BB_Count>
		</Characteristics>
	</Calcification>
</Calcifications>
	
