<?xml version="1.0"?>
<Calcifications xmlns:xsi="http://www.w3.org/2001/XMLSchema-instance" xsi:noNamespaceSchemaLocation="file:///CalcificationDB.xsd">
	<Calcification>
		<CalcName>AAH1p1_1</CalcName>
		<ClusterName>AAH1p1</ClusterName>
		<Position3D>
			<XPos>2.9171915</XPos>
			<YPos>0.4665622</YPos>
			<ZPos>3.1147017</ZPos>
		</Position3D>
		<BinaryDataRecord>
			<Displacement>0</Displacement>
			<Size>1105920</Size>
		</BinaryDataRecord>
		<VoxelCount>
			<CountX>100</CountX>
			<CountY>100</CountY>
			<CountZ>100</CountZ>
		</VoxelCount>
		<VoxelSize>
			<SizeX>0.02</SizeX>
			<SizeY>0.02</SizeY>
			<SizeZ>0.02</SizeZ>
		</VoxelSize>
		<Characteristics>
			<NumVoxels>452</NumVoxels>
			<Volume units="cc">0.003616</Volume>
			<SurfaceArea units="cm sq.">0.0</SurfaceArea>
			<Radius units="cm">0.15</Radius>
			<Directionality>8.33333</Directionality>
			<Eccentricity>0.0</Eccentricity>
			<Shape>0.0</Shape>
			<BB_Size>
			<SizeX>0.3</SizeX>
			<SizeY>0.12</SizeY>
			<SizeZ>0.32</SizeZ>
			</BB_Size>
			<BB_Count>
			<SizeX>15</SizeX>
			<SizeY>6</SizeY>
			<SizeZ>16</SizeZ>
			</BB_Count>
		</Characteristics>
	</Calcification>
</Calcifications>
	
