<?xml version="1.0"?>
<Calcifications xmlns:xsi="http://www.w3.org/2001/XMLSchema-instance" xsi:noNamespaceSchemaLocation="file:///CalcificationDB.xsd">
	<Calcification>
		<CalcName>AAB1p1_6</CalcName>
		<ClusterName>AAB1p1</ClusterName>
		<Position3D>
			<XPos>1.5421534</XPos>
			<YPos>3.1486795</YPos>
			<ZPos>0.7788897</ZPos>
		</Position3D>
		<BinaryDataRecord>
			<Displacement>5529600</Displacement>
			<Size>1105920</Size>
		</BinaryDataRecord>
		<VoxelCount>
			<CountX>100</CountX>
			<CountY>100</CountY>
			<CountZ>100</CountZ>
		</VoxelCount>
		<VoxelSize>
			<SizeX>0.02</SizeX>
			<SizeY>0.02</SizeY>
			<SizeZ>0.02</SizeZ>
		</VoxelSize>
		<Characteristics>
			<NumVoxels>287</NumVoxels>
			<Volume units="cc">0.002296</Volume>
			<SurfaceArea units="cm sq.">0.0</SurfaceArea>
			<Radius units="cm">0.25</Radius>
			<Directionality>1.85714</Directionality>
			<Eccentricity>0.0</Eccentricity>
			<Shape>0.0</Shape>
			<BB_Size>
			<SizeX>0.26</SizeX>
			<SizeY>0.5</SizeY>
			<SizeZ>0.3</SizeZ>
			</BB_Size>
			<BB_Count>
			<SizeX>13</SizeX>
			<SizeY>25</SizeY>
			<SizeZ>15</SizeZ>
			</BB_Count>
		</Characteristics>
	</Calcification>
</Calcifications>
	
