<?xml version="1.0"?>
<Calcifications xmlns:xsi="http://www.w3.org/2001/XMLSchema-instance" xsi:noNamespaceSchemaLocation="file:///CalcificationDB.xsd">
	<Calcification>
		<ClusterName>AEX1p1</ClusterName>
		<BinaryDataRecord>
			<Displacement>1105920</Displacement>
			<Size>1105920</Size>
		</BinaryDataRecord>
		<VoxelSize>
			<SizeX>0.02</SizeX>
			<SizeY>0.02</SizeY>
			<SizeZ>0.02</SizeZ>
		</VoxelSize>
		<Characteristics>
			<Malignancy> Benign </Malignancy>
			<Detail> "stromal fibrosis, ductal hyperplasia, w/ atypia, No Ca++" </Detail>
			<NumVoxels>14598</NumVoxels>
			<BB_Size>
			<SizeX>3.8000000000000003</SizeX>
			<SizeY>1.6400000000000001</SizeY>
			<SizeZ>1.08</SizeZ>
			</BB_Size>
			<BB_Count>
			<SizeX>190</SizeX>
			<SizeY>82</SizeY>
			<SizeZ>54</SizeZ>
			</BB_Count>
		</Characteristics>
	</Calcification>
</Calcifications>
	
