<?xml version="1.0"?>
<Calcifications xmlns:xsi="http://www.w3.org/2001/XMLSchema-instance" xsi:noNamespaceSchemaLocation="file:///CalcificationDB.xsd">
	<Calcification>
		<CalcName>ABH1p1_1</CalcName>
		<ClusterName>ABH1p1</ClusterName>
		<Position3D>
			<XPos>2.044488</XPos>
			<YPos>0.4923038</YPos>
			<ZPos>3.2283146</ZPos>
		</Position3D>
		<BinaryDataRecord>
			<Displacement>0</Displacement>
			<Size>1105920</Size>
		</BinaryDataRecord>
		<VoxelCount>
			<CountX>100</CountX>
			<CountY>100</CountY>
			<CountZ>100</CountZ>
		</VoxelCount>
		<VoxelSize>
			<SizeX>0.02</SizeX>
			<SizeY>0.02</SizeY>
			<SizeZ>0.02</SizeZ>
		</VoxelSize>
		<Characteristics>
			<NumVoxels>3640</NumVoxels>
			<Volume units="cc">0.02912</Volume>
			<SurfaceArea units="cm sq.">0.0</SurfaceArea>
			<Radius units="cm">0.27</Radius>
			<Directionality>3.0543</Directionality>
			<Eccentricity>0.0</Eccentricity>
			<Shape>0.0</Shape>
			<BB_Size>
			<SizeX>0.54</SizeX>
			<SizeY>0.34</SizeY>
			<SizeZ>0.54</SizeZ>
			</BB_Size>
			<BB_Count>
			<SizeX>27</SizeX>
			<SizeY>17</SizeY>
			<SizeZ>27</SizeZ>
			</BB_Count>
		</Characteristics>
	</Calcification>
</Calcifications>
	
