<?xml version="1.0"?>
<Calcifications xmlns:xsi="http://www.w3.org/2001/XMLSchema-instance" xsi:noNamespaceSchemaLocation="file:///CalcificationDB.xsd">
	<Calcification>
		<CalcName>AEM1p1_1</CalcName>
		<ClusterName>AEM1p1</ClusterName>
		<Position3D>
			<XPos>2.5910432</XPos>
			<YPos>3.7972777</YPos>
			<ZPos>1.6163727</ZPos>
		</Position3D>
		<BinaryDataRecord>
			<Displacement>0</Displacement>
			<Size>1105920</Size>
		</BinaryDataRecord>
		<VoxelCount>
			<CountX>100</CountX>
			<CountY>100</CountY>
			<CountZ>100</CountZ>
		</VoxelCount>
		<VoxelSize>
			<SizeX>0.02</SizeX>
			<SizeY>0.02</SizeY>
			<SizeZ>0.02</SizeZ>
		</VoxelSize>
		<Characteristics>
			<NumVoxels>1777</NumVoxels>
			<Volume units="cc">0.014216</Volume>
			<SurfaceArea units="cm sq.">0.0</SurfaceArea>
			<Radius units="cm">0.19</Radius>
			<Directionality>2.96053</Directionality>
			<Eccentricity>0.0</Eccentricity>
			<Shape>0.0</Shape>
			<BB_Size>
			<SizeX>0.36</SizeX>
			<SizeY>0.38</SizeY>
			<SizeZ>0.34</SizeZ>
			</BB_Size>
			<BB_Count>
			<SizeX>18</SizeX>
			<SizeY>19</SizeY>
			<SizeZ>17</SizeZ>
			</BB_Count>
		</Characteristics>
	</Calcification>
</Calcifications>
	
