<?xml version="1.0"?>
<Calcifications xmlns:xsi="http://www.w3.org/2001/XMLSchema-instance" xsi:noNamespaceSchemaLocation="file:///CalcificationDB.xsd">
	<Calcification>
		<ClusterName>AEF1p1</ClusterName>
		<BinaryDataRecord>
			<Displacement>1105920</Displacement>
			<Size>1105920</Size>
		</BinaryDataRecord>
		<VoxelSize>
			<SizeX>0.02</SizeX>
			<SizeY>0.02</SizeY>
			<SizeZ>0.02</SizeZ>
		</VoxelSize>
		<Characteristics>
			<Malignancy> Benign </Malignancy>
			<Detail> "stromal fibrosis, ductal hyperplasia, w/ atypia, No Ca++" </Detail>
			<NumVoxels>194</NumVoxels>
			<BB_Size>
			<SizeX>0.24</SizeX>
			<SizeY>0.2</SizeY>
			<SizeZ>0.24</SizeZ>
			</BB_Size>
			<BB_Count>
			<SizeX>12</SizeX>
			<SizeY>10</SizeY>
			<SizeZ>12</SizeZ>
			</BB_Count>
		</Characteristics>
	</Calcification>
</Calcifications>
	
