<?xml version="1.0"?>
<Calcifications xmlns:xsi="http://www.w3.org/2001/XMLSchema-instance" xsi:noNamespaceSchemaLocation="file:///CalcificationDB.xsd">
	<Calcification>
		<ClusterName>ADI1p1</ClusterName>
		<BinaryDataRecord>
			<Displacement>29859840</Displacement>
			<Size>1105920</Size>
		</BinaryDataRecord>
		<VoxelSize>
			<SizeX>0.02</SizeX>
			<SizeY>0.02</SizeY>
			<SizeZ>0.02</SizeZ>
		</VoxelSize>
		<Characteristics>
			<Malignancy> Benign </Malignancy>
			<Detail> "stromal fibrosis, ductal hyperplasia, w/ atypia, No Ca++" </Detail>
			<NumVoxels>5529</NumVoxels>
			<BB_Size>
			<SizeX>2.58</SizeX>
			<SizeY>2.42</SizeY>
			<SizeZ>0.74</SizeZ>
			</BB_Size>
			<BB_Count>
			<SizeX>129</SizeX>
			<SizeY>121</SizeY>
			<SizeZ>37</SizeZ>
			</BB_Count>
		</Characteristics>
	</Calcification>
</Calcifications>
	
