<?xml version="1.0"?>
<Calcifications xmlns:xsi="http://www.w3.org/2001/XMLSchema-instance" xsi:noNamespaceSchemaLocation="file:///CalcificationDB.xsd">
	<Calcification>
		<CalcName>AAW1p1_1</CalcName>
		<ClusterName>AAW1p1</ClusterName>
		<Position3D>
			<XPos>2.1811545</XPos>
			<YPos>2.2683709</YPos>
			<ZPos>0.4624899</ZPos>
		</Position3D>
		<BinaryDataRecord>
			<Displacement>0</Displacement>
			<Size>1105920</Size>
		</BinaryDataRecord>
		<VoxelCount>
			<CountX>100</CountX>
			<CountY>100</CountY>
			<CountZ>100</CountZ>
		</VoxelCount>
		<VoxelSize>
			<SizeX>0.02</SizeX>
			<SizeY>0.02</SizeY>
			<SizeZ>0.02</SizeZ>
		</VoxelSize>
		<Characteristics>
			<NumVoxels>846</NumVoxels>
			<Volume units="cc">0.006768</Volume>
			<SurfaceArea units="cm sq.">0.0</SurfaceArea>
			<Radius units="cm">0.16</Radius>
			<Directionality>5.85937</Directionality>
			<Eccentricity>0.0</Eccentricity>
			<Shape>0.0</Shape>
			<BB_Size>
			<SizeX>0.3</SizeX>
			<SizeY>0.16</SizeY>
			<SizeZ>0.34</SizeZ>
			</BB_Size>
			<BB_Count>
			<SizeX>15</SizeX>
			<SizeY>8</SizeY>
			<SizeZ>17</SizeZ>
			</BB_Count>
		</Characteristics>
	</Calcification>
</Calcifications>
	
