<?xml version="1.0"?>
<Calcifications xmlns:xsi="http://www.w3.org/2001/XMLSchema-instance" xsi:noNamespaceSchemaLocation="file:///CalcificationDB.xsd">
	<Calcification>
		<CalcName>ACW1p1_8</CalcName>
		<ClusterName>ACW1p1</ClusterName>
		<Position3D>
			<XPos>2.7730951</XPos>
			<YPos>2.1756229</YPos>
			<ZPos>4.020133</ZPos>
		</Position3D>
		<BinaryDataRecord>
			<Displacement>7741440</Displacement>
			<Size>1105920</Size>
		</BinaryDataRecord>
		<VoxelCount>
			<CountX>100</CountX>
			<CountY>100</CountY>
			<CountZ>100</CountZ>
		</VoxelCount>
		<VoxelSize>
			<SizeX>0.02</SizeX>
			<SizeY>0.02</SizeY>
			<SizeZ>0.02</SizeZ>
		</VoxelSize>
		<Characteristics>
			<NumVoxels>89</NumVoxels>
			<Volume units="cc">7.12E-4</Volume>
			<SurfaceArea units="cm sq.">0.0</SurfaceArea>
			<Radius units="cm">0.08</Radius>
			<Directionality>8.75</Directionality>
			<Eccentricity>0.0</Eccentricity>
			<Shape>0.0</Shape>
			<BB_Size>
			<SizeX>0.14</SizeX>
			<SizeY>0.16</SizeY>
			<SizeZ>0.12</SizeZ>
			</BB_Size>
			<BB_Count>
			<SizeX>7</SizeX>
			<SizeY>8</SizeY>
			<SizeZ>6</SizeZ>
			</BB_Count>
		</Characteristics>
	</Calcification>
</Calcifications>
	
