<?xml version="1.0"?>
<Calcifications xmlns:xsi="http://www.w3.org/2001/XMLSchema-instance" xsi:noNamespaceSchemaLocation="file:///CalcificationDB.xsd">
	<Calcification>
		<CalcName>ACP1p1_7</CalcName>
		<ClusterName>ACP1p1</ClusterName>
		<Position3D>
			<XPos>2.156302</XPos>
			<YPos>4.3442807</YPos>
			<ZPos>3.694649</ZPos>
		</Position3D>
		<BinaryDataRecord>
			<Displacement>6635520</Displacement>
			<Size>1105920</Size>
		</BinaryDataRecord>
		<VoxelCount>
			<CountX>100</CountX>
			<CountY>100</CountY>
			<CountZ>100</CountZ>
		</VoxelCount>
		<VoxelSize>
			<SizeX>0.02</SizeX>
			<SizeY>0.02</SizeY>
			<SizeZ>0.02</SizeZ>
		</VoxelSize>
		<Characteristics>
			<NumVoxels>815</NumVoxels>
			<Volume units="cc">0.00652</Volume>
			<SurfaceArea units="cm sq.">0.0</SurfaceArea>
			<Radius units="cm">0.36</Radius>
			<Directionality>4.34783</Directionality>
			<Eccentricity>0.0</Eccentricity>
			<Shape>0.0</Shape>
			<BB_Size>
			<SizeX>0.72</SizeX>
			<SizeY>0.46</SizeY>
			<SizeZ>0.38</SizeZ>
			</BB_Size>
			<BB_Count>
			<SizeX>36</SizeX>
			<SizeY>23</SizeY>
			<SizeZ>19</SizeZ>
			</BB_Count>
		</Characteristics>
	</Calcification>
</Calcifications>
	
