<?xml version="1.0"?>
<Calcifications xmlns:xsi="http://www.w3.org/2001/XMLSchema-instance" xsi:noNamespaceSchemaLocation="file:///CalcificationDB.xsd">
	<Calcification>
		<CalcName>AEZ1p1_1</CalcName>
		<ClusterName>AEZ1p1</ClusterName>
		<Position3D>
			<XPos>1.842689</XPos>
			<YPos>2.7948403</YPos>
			<ZPos>4.7227964</ZPos>
		</Position3D>
		<BinaryDataRecord>
			<Displacement>0</Displacement>
			<Size>1105920</Size>
		</BinaryDataRecord>
		<VoxelCount>
			<CountX>100</CountX>
			<CountY>100</CountY>
			<CountZ>100</CountZ>
		</VoxelCount>
		<VoxelSize>
			<SizeX>0.02</SizeX>
			<SizeY>0.02</SizeY>
			<SizeZ>0.02</SizeZ>
		</VoxelSize>
		<Characteristics>
			<NumVoxels>992</NumVoxels>
			<Volume units="cc">0.007936</Volume>
			<SurfaceArea units="cm sq.">0.0</SurfaceArea>
			<Radius units="cm">0.37</Radius>
			<Directionality>6.49123</Directionality>
			<Eccentricity>0.0</Eccentricity>
			<Shape>0.0</Shape>
			<BB_Size>
			<SizeX>0.74</SizeX>
			<SizeY>0.38</SizeY>
			<SizeZ>0.32</SizeZ>
			</BB_Size>
			<BB_Count>
			<SizeX>37</SizeX>
			<SizeY>19</SizeY>
			<SizeZ>16</SizeZ>
			</BB_Count>
		</Characteristics>
	</Calcification>
</Calcifications>
	
