<?xml version="1.0"?>
<Calcifications xmlns:xsi="http://www.w3.org/2001/XMLSchema-instance" xsi:noNamespaceSchemaLocation="file:///CalcificationDB.xsd">
	<Calcification>
		<CalcName>ACR1p1_2</CalcName>
		<ClusterName>ACR1p1</ClusterName>
		<Position3D>
			<XPos>1.27914</XPos>
			<YPos>2.280097</YPos>
			<ZPos>3.6706991</ZPos>
		</Position3D>
		<BinaryDataRecord>
			<Displacement>1105920</Displacement>
			<Size>1105920</Size>
		</BinaryDataRecord>
		<VoxelCount>
			<CountX>100</CountX>
			<CountY>100</CountY>
			<CountZ>100</CountZ>
		</VoxelCount>
		<VoxelSize>
			<SizeX>0.02</SizeX>
			<SizeY>0.02</SizeY>
			<SizeZ>0.02</SizeZ>
		</VoxelSize>
		<Characteristics>
			<NumVoxels>25</NumVoxels>
			<Volume units="cc">2.0E-4</Volume>
			<SurfaceArea units="cm sq.">0.0</SurfaceArea>
			<Radius units="cm">0.39</Radius>
			<Directionality>81.25</Directionality>
			<Eccentricity>0.0</Eccentricity>
			<Shape>0.0</Shape>
			<BB_Size>
			<SizeX>0.78</SizeX>
			<SizeY>0.04</SizeY>
			<SizeZ>0.26</SizeZ>
			</BB_Size>
			<BB_Count>
			<SizeX>39</SizeX>
			<SizeY>2</SizeY>
			<SizeZ>13</SizeZ>
			</BB_Count>
		</Characteristics>
	</Calcification>
</Calcifications>
	
