<?xml version="1.0"?>
<Calcifications xmlns:xsi="http://www.w3.org/2001/XMLSchema-instance" xsi:noNamespaceSchemaLocation="file:///CalcificationDB.xsd">
	<Calcification>
		<CalcName>ADI1p1_1</CalcName>
		<ClusterName>ADI1p1</ClusterName>
		<Position3D>
			<XPos>2.9886098</XPos>
			<YPos>4.1454616</YPos>
			<ZPos>1.6674688</ZPos>
		</Position3D>
		<BinaryDataRecord>
			<Displacement>0</Displacement>
			<Size>1105920</Size>
		</BinaryDataRecord>
		<VoxelCount>
			<CountX>100</CountX>
			<CountY>100</CountY>
			<CountZ>100</CountZ>
		</VoxelCount>
		<VoxelSize>
			<SizeX>0.02</SizeX>
			<SizeY>0.02</SizeY>
			<SizeZ>0.02</SizeZ>
		</VoxelSize>
		<Characteristics>
			<NumVoxels>510</NumVoxels>
			<Volume units="cc">0.0</Volume>
			<SurfaceArea units="cm sq.">0.0</SurfaceArea>
			<Radius units="cm">0.0</Radius>
			<Directionality>0.0</Directionality>
			<Eccentricity>0.0</Eccentricity>
			<Shape>0.0</Shape>
			<BB_Size>
			<SizeX>0.26</SizeX>
			<SizeY>0.22</SizeY>
			<SizeZ>0.24</SizeZ>
			</BB_Size>
			<BB_Count>
			<SizeX>13</SizeX>
			<SizeY>11</SizeY>
			<SizeZ>12</SizeZ>
			</BB_Count>
		</Characteristics>
	</Calcification>
</Calcifications>
	
