<?xml version="1.0"?>
<Calcifications xmlns:xsi="http://www.w3.org/2001/XMLSchema-instance" xsi:noNamespaceSchemaLocation="file:///CalcificationDB.xsd">
	<Calcification>
		<ClusterName>AAH1p1</ClusterName>
		<BinaryDataRecord>
			<Displacement>16588800</Displacement>
			<Size>1105920</Size>
		</BinaryDataRecord>
		<VoxelSize>
			<SizeX>0.02</SizeX>
			<SizeY>0.02</SizeY>
			<SizeZ>0.02</SizeZ>
		</VoxelSize>
		<Characteristics>
			<Malignancy> Benign </Malignancy>
			<Detail> "stromal fibrosis, ductal hyperplasia, w/ atypia, No Ca++" </Detail>
			<NumVoxels>1130</NumVoxels>
			<BB_Size>
			<SizeX>2.22</SizeX>
			<SizeY>1.92</SizeY>
			<SizeZ>1.92</SizeZ>
			</BB_Size>
			<BB_Count>
			<SizeX>111</SizeX>
			<SizeY>96</SizeY>
			<SizeZ>96</SizeZ>
			</BB_Count>
		</Characteristics>
	</Calcification>
</Calcifications>
	
