<?xml version="1.0"?>
<Calcifications xmlns:xsi="http://www.w3.org/2001/XMLSchema-instance" xsi:noNamespaceSchemaLocation="file:///CalcificationDB.xsd">
	<Calcification>
		<ClusterName>ADF1p1</ClusterName>
		<BinaryDataRecord>
			<Displacement>16588800</Displacement>
			<Size>1105920</Size>
		</BinaryDataRecord>
		<VoxelSize>
			<SizeX>0.02</SizeX>
			<SizeY>0.02</SizeY>
			<SizeZ>0.02</SizeZ>
		</VoxelSize>
		<Characteristics>
			<Malignancy> Benign </Malignancy>
			<Detail> "stromal fibrosis, ductal hyperplasia, w/ atypia, No Ca++" </Detail>
			<NumVoxels>611</NumVoxels>
			<BB_Size>
			<SizeX>2.48</SizeX>
			<SizeY>1.9000000000000001</SizeY>
			<SizeZ>0.76</SizeZ>
			</BB_Size>
			<BB_Count>
			<SizeX>124</SizeX>
			<SizeY>95</SizeY>
			<SizeZ>38</SizeZ>
			</BB_Count>
		</Characteristics>
	</Calcification>
</Calcifications>
	
