<?xml version="1.0"?>
<Calcifications xmlns:xsi="http://www.w3.org/2001/XMLSchema-instance" xsi:noNamespaceSchemaLocation="file:///CalcificationDB.xsd">
	<Calcification>
		<CalcName>ADL1p1_2</CalcName>
		<ClusterName>ADL1p1</ClusterName>
		<Position3D>
			<XPos>2.4687638</XPos>
			<YPos>2.6731021</YPos>
			<ZPos>4.5912971</ZPos>
		</Position3D>
		<BinaryDataRecord>
			<Displacement>1105920</Displacement>
			<Size>1105920</Size>
		</BinaryDataRecord>
		<VoxelCount>
			<CountX>100</CountX>
			<CountY>100</CountY>
			<CountZ>100</CountZ>
		</VoxelCount>
		<VoxelSize>
			<SizeX>0.02</SizeX>
			<SizeY>0.02</SizeY>
			<SizeZ>0.02</SizeZ>
		</VoxelSize>
		<Characteristics>
			<NumVoxels>5437</NumVoxels>
			<Volume units="cc">0.043496</Volume>
			<SurfaceArea units="cm sq.">0.0</SurfaceArea>
			<Radius units="cm">0.27</Radius>
			<Directionality>1.92308</Directionality>
			<Eccentricity>0.0</Eccentricity>
			<Shape>0.0</Shape>
			<BB_Size>
			<SizeX>0.54</SizeX>
			<SizeY>0.52</SizeY>
			<SizeZ>0.56</SizeZ>
			</BB_Size>
			<BB_Count>
			<SizeX>27</SizeX>
			<SizeY>26</SizeY>
			<SizeZ>28</SizeZ>
			</BB_Count>
		</Characteristics>
	</Calcification>
</Calcifications>
	
