<?xml version="1.0"?>
<Calcifications xmlns:xsi="http://www.w3.org/2001/XMLSchema-instance" xsi:noNamespaceSchemaLocation="file:///CalcificationDB.xsd">
	<Calcification>
		<ClusterName>AAI1p1</ClusterName>
		<BinaryDataRecord>
			<Displacement>21012480</Displacement>
			<Size>1105920</Size>
		</BinaryDataRecord>
		<VoxelSize>
			<SizeX>0.02</SizeX>
			<SizeY>0.02</SizeY>
			<SizeZ>0.02</SizeZ>
		</VoxelSize>
		<Characteristics>
			<Malignancy> Benign </Malignancy>
			<Detail> "stromal fibrosis, ductal hyperplasia, w/ atypia, No Ca++" </Detail>
			<NumVoxels>13965</NumVoxels>
			<BB_Size>
			<SizeX>2.2</SizeX>
			<SizeY>1.94</SizeY>
			<SizeZ>2.8000000000000003</SizeZ>
			</BB_Size>
			<BB_Count>
			<SizeX>110</SizeX>
			<SizeY>97</SizeY>
			<SizeZ>140</SizeZ>
			</BB_Count>
		</Characteristics>
	</Calcification>
</Calcifications>
	
