<?xml version="1.0"?>
<Calcifications xmlns:xsi="http://www.w3.org/2001/XMLSchema-instance" xsi:noNamespaceSchemaLocation="file:///CalcificationDB.xsd">
	<Calcification>
		<CalcName>AAH1p1_11</CalcName>
		<ClusterName>AAH1p1</ClusterName>
		<Position3D>
			<XPos>1.3362181</XPos>
			<YPos>0.8055371</YPos>
			<ZPos>2.6725914</ZPos>
		</Position3D>
		<BinaryDataRecord>
			<Displacement>11059200</Displacement>
			<Size>1105920</Size>
		</BinaryDataRecord>
		<VoxelCount>
			<CountX>100</CountX>
			<CountY>100</CountY>
			<CountZ>100</CountZ>
		</VoxelCount>
		<VoxelSize>
			<SizeX>0.02</SizeX>
			<SizeY>0.02</SizeY>
			<SizeZ>0.02</SizeZ>
		</VoxelSize>
		<Characteristics>
			<NumVoxels>155</NumVoxels>
			<Volume units="cc">0.00124</Volume>
			<SurfaceArea units="cm sq.">0.0</SurfaceArea>
			<Radius units="cm">0.1</Radius>
			<Directionality>6.42857</Directionality>
			<Eccentricity>0.0</Eccentricity>
			<Shape>0.0</Shape>
			<BB_Size>
			<SizeX>0.18</SizeX>
			<SizeY>0.2</SizeY>
			<SizeZ>0.16</SizeZ>
			</BB_Size>
			<BB_Count>
			<SizeX>9</SizeX>
			<SizeY>10</SizeY>
			<SizeZ>8</SizeZ>
			</BB_Count>
		</Characteristics>
	</Calcification>
</Calcifications>
	
