<?xml version="1.0"?>
<Calcifications xmlns:xsi="http://www.w3.org/2001/XMLSchema-instance" xsi:noNamespaceSchemaLocation="file:///CalcificationDB.xsd">
	<Calcification>
		<CalcName>AEI1p1_2</CalcName>
		<ClusterName>AEI1p1</ClusterName>
		<Position3D>
			<XPos>3.3115821</XPos>
			<YPos>4.0076642</YPos>
			<ZPos>4.028029</ZPos>
		</Position3D>
		<BinaryDataRecord>
			<Displacement>1105920</Displacement>
			<Size>1105920</Size>
		</BinaryDataRecord>
		<VoxelCount>
			<CountX>100</CountX>
			<CountY>100</CountY>
			<CountZ>100</CountZ>
		</VoxelCount>
		<VoxelSize>
			<SizeX>0.02</SizeX>
			<SizeY>0.02</SizeY>
			<SizeZ>0.02</SizeZ>
		</VoxelSize>
		<Characteristics>
			<NumVoxels>1355</NumVoxels>
			<Volume units="cc">0.01084</Volume>
			<SurfaceArea units="cm sq.">0.0</SurfaceArea>
			<Radius units="cm">0.24</Radius>
			<Directionality>3.57143</Directionality>
			<Eccentricity>0.0</Eccentricity>
			<Shape>0.0</Shape>
			<BB_Size>
			<SizeX>0.48</SizeX>
			<SizeY>0.28</SizeY>
			<SizeZ>0.5</SizeZ>
			</BB_Size>
			<BB_Count>
			<SizeX>24</SizeX>
			<SizeY>14</SizeY>
			<SizeZ>25</SizeZ>
			</BB_Count>
		</Characteristics>
	</Calcification>
</Calcifications>
	
