<?xml version="1.0"?>
<Calcifications xmlns:xsi="http://www.w3.org/2001/XMLSchema-instance" xsi:noNamespaceSchemaLocation="file:///CalcificationDB.xsd">
	<Calcification>
		<ClusterName>AALb1p1</ClusterName>
		<BinaryDataRecord>
			<Displacement>6635520</Displacement>
			<Size>1105920</Size>
		</BinaryDataRecord>
		<VoxelSize>
			<SizeX>0.02</SizeX>
			<SizeY>0.02</SizeY>
			<SizeZ>0.02</SizeZ>
		</VoxelSize>
		<Characteristics>
			<Malignancy> Benign </Malignancy>
			<Detail> "stromal fibrosis, ductal hyperplasia, w/ atypia, No Ca++" </Detail>
			<NumVoxels>1124</NumVoxels>
			<BB_Size>
			<SizeX>1.98</SizeX>
			<SizeY>3.7800000000000002</SizeY>
			<SizeZ>4.24</SizeZ>
			</BB_Size>
			<BB_Count>
			<SizeX>99</SizeX>
			<SizeY>189</SizeY>
			<SizeZ>212</SizeZ>
			</BB_Count>
		</Characteristics>
	</Calcification>
</Calcifications>
	
