<?xml version="1.0"?>
<Calcifications xmlns:xsi="http://www.w3.org/2001/XMLSchema-instance" xsi:noNamespaceSchemaLocation="file:///CalcificationDB.xsd">
	<Calcification>
		<CalcName>AAI1p1_2</CalcName>
		<ClusterName>AAI1p1</ClusterName>
		<Position3D>
			<XPos>3.1090424</XPos>
			<YPos>4.1813273</YPos>
			<ZPos>1.7863774</ZPos>
		</Position3D>
		<BinaryDataRecord>
			<Displacement>1105920</Displacement>
			<Size>1105920</Size>
		</BinaryDataRecord>
		<VoxelCount>
			<CountX>100</CountX>
			<CountY>100</CountY>
			<CountZ>100</CountZ>
		</VoxelCount>
		<VoxelSize>
			<SizeX>0.02</SizeX>
			<SizeY>0.02</SizeY>
			<SizeZ>0.02</SizeZ>
		</VoxelSize>
		<Characteristics>
			<NumVoxels>6386</NumVoxels>
			<Volume units="cc">0.051088</Volume>
			<SurfaceArea units="cm sq.">0.0</SurfaceArea>
			<Radius units="cm">0.33</Radius>
			<Directionality>2.5</Directionality>
			<Eccentricity>0.0</Eccentricity>
			<Shape>0.0</Shape>
			<BB_Size>
			<SizeX>0.66</SizeX>
			<SizeY>0.44</SizeY>
			<SizeZ>0.62</SizeZ>
			</BB_Size>
			<BB_Count>
			<SizeX>33</SizeX>
			<SizeY>22</SizeY>
			<SizeZ>31</SizeZ>
			</BB_Count>
		</Characteristics>
	</Calcification>
</Calcifications>
	
