<?xml version="1.0"?>
<Calcifications xmlns:xsi="http://www.w3.org/2001/XMLSchema-instance" xsi:noNamespaceSchemaLocation="file:///CalcificationDB.xsd">
	<Calcification>
		<ClusterName>AED1p1</ClusterName>
		<BinaryDataRecord>
			<Displacement>4423680</Displacement>
			<Size>1105920</Size>
		</BinaryDataRecord>
		<VoxelSize>
			<SizeX>0.02</SizeX>
			<SizeY>0.02</SizeY>
			<SizeZ>0.02</SizeZ>
		</VoxelSize>
		<Characteristics>
			<Malignancy> Benign </Malignancy>
			<Detail> "stromal fibrosis, ductal hyperplasia, w/ atypia, No Ca++" </Detail>
			<NumVoxels>1039</NumVoxels>
			<BB_Size>
			<SizeX>2.18</SizeX>
			<SizeY>3.06</SizeY>
			<SizeZ>0.8200000000000001</SizeZ>
			</BB_Size>
			<BB_Count>
			<SizeX>109</SizeX>
			<SizeY>153</SizeY>
			<SizeZ>41</SizeZ>
			</BB_Count>
		</Characteristics>
	</Calcification>
</Calcifications>
	
