<?xml version="1.0"?>
<Calcifications xmlns:xsi="http://www.w3.org/2001/XMLSchema-instance" xsi:noNamespaceSchemaLocation="file:///CalcificationDB.xsd">
	<Calcification>
		<CalcName>AEE1p1_6</CalcName>
		<ClusterName>AEE1p1</ClusterName>
		<Position3D>
			<XPos>1.9966884</XPos>
			<YPos>2.384011</YPos>
			<ZPos>1.980774</ZPos>
		</Position3D>
		<BinaryDataRecord>
			<Displacement>5529600</Displacement>
			<Size>1105920</Size>
		</BinaryDataRecord>
		<VoxelCount>
			<CountX>100</CountX>
			<CountY>100</CountY>
			<CountZ>100</CountZ>
		</VoxelCount>
		<VoxelSize>
			<SizeX>0.02</SizeX>
			<SizeY>0.02</SizeY>
			<SizeZ>0.02</SizeZ>
		</VoxelSize>
		<Characteristics>
			<NumVoxels>1582</NumVoxels>
			<Volume units="cc">0.012656</Volume>
			<SurfaceArea units="cm sq.">0.0</SurfaceArea>
			<Radius units="cm">0.42</Radius>
			<Directionality>5.21092</Directionality>
			<Eccentricity>0.0</Eccentricity>
			<Shape>0.0</Shape>
			<BB_Size>
			<SizeX>0.84</SizeX>
			<SizeY>0.26</SizeY>
			<SizeZ>0.64</SizeZ>
			</BB_Size>
			<BB_Count>
			<SizeX>42</SizeX>
			<SizeY>13</SizeY>
			<SizeZ>32</SizeZ>
			</BB_Count>
		</Characteristics>
	</Calcification>
</Calcifications>
	
