<?xml version="1.0"?>
<Calcifications xmlns:xsi="http://www.w3.org/2001/XMLSchema-instance" xsi:noNamespaceSchemaLocation="file:///CalcificationDB.xsd">
	<Calcification>
		<ClusterName>ADR1p1</ClusterName>
		<BinaryDataRecord>
			<Displacement>2211840</Displacement>
			<Size>1105920</Size>
		</BinaryDataRecord>
		<VoxelSize>
			<SizeX>0.02</SizeX>
			<SizeY>0.02</SizeY>
			<SizeZ>0.02</SizeZ>
		</VoxelSize>
		<Characteristics>
			<Malignancy> Benign </Malignancy>
			<Detail> "stromal fibrosis, ductal hyperplasia, w/ atypia, No Ca++" </Detail>
			<NumVoxels>5777</NumVoxels>
			<BB_Size>
			<SizeX>4.34</SizeX>
			<SizeY>2.72</SizeY>
			<SizeZ>0.5</SizeZ>
			</BB_Size>
			<BB_Count>
			<SizeX>217</SizeX>
			<SizeY>136</SizeY>
			<SizeZ>25</SizeZ>
			</BB_Count>
		</Characteristics>
	</Calcification>
</Calcifications>
	
