<?xml version="1.0"?>
<Calcifications xmlns:xsi="http://www.w3.org/2001/XMLSchema-instance" xsi:noNamespaceSchemaLocation="file:///CalcificationDB.xsd">
	<Calcification>
		<ClusterName>AAY1p1</ClusterName>
		<BinaryDataRecord>
			<Displacement>18800640</Displacement>
			<Size>1105920</Size>
		</BinaryDataRecord>
		<VoxelSize>
			<SizeX>0.02</SizeX>
			<SizeY>0.02</SizeY>
			<SizeZ>0.02</SizeZ>
		</VoxelSize>
		<Characteristics>
			<Malignancy> Benign </Malignancy>
			<Detail> "stromal fibrosis, ductal hyperplasia, w/ atypia, No Ca++" </Detail>
			<NumVoxels>11450</NumVoxels>
			<BB_Size>
			<SizeX>2.36</SizeX>
			<SizeY>1.84</SizeY>
			<SizeZ>0.76</SizeZ>
			</BB_Size>
			<BB_Count>
			<SizeX>118</SizeX>
			<SizeY>92</SizeY>
			<SizeZ>38</SizeZ>
			</BB_Count>
		</Characteristics>
	</Calcification>
</Calcifications>
	
