<?xml version="1.0"?>
<Calcifications xmlns:xsi="http://www.w3.org/2001/XMLSchema-instance" xsi:noNamespaceSchemaLocation="file:///CalcificationDB.xsd">
	<Calcification>
		<CalcName>ABJ1p1_8</CalcName>
		<ClusterName>ABJ1p1</ClusterName>
		<Position3D>
			<XPos>1.9961108</XPos>
			<YPos>3.7207582</YPos>
			<ZPos>3.7823107</ZPos>
		</Position3D>
		<BinaryDataRecord>
			<Displacement>7741440</Displacement>
			<Size>1105920</Size>
		</BinaryDataRecord>
		<VoxelCount>
			<CountX>100</CountX>
			<CountY>100</CountY>
			<CountZ>100</CountZ>
		</VoxelCount>
		<VoxelSize>
			<SizeX>0.02</SizeX>
			<SizeY>0.02</SizeY>
			<SizeZ>0.02</SizeZ>
		</VoxelSize>
		<Characteristics>
			<NumVoxels>21</NumVoxels>
			<Volume units="cc">1.68E-4</Volume>
			<SurfaceArea units="cm sq.">0.0</SurfaceArea>
			<Radius units="cm">0.06</Radius>
			<Directionality>25.0</Directionality>
			<Eccentricity>0.0</Eccentricity>
			<Shape>0.0</Shape>
			<BB_Size>
			<SizeX>0.12</SizeX>
			<SizeY>0.08</SizeY>
			<SizeZ>0.08</SizeZ>
			</BB_Size>
			<BB_Count>
			<SizeX>6</SizeX>
			<SizeY>4</SizeY>
			<SizeZ>4</SizeZ>
			</BB_Count>
		</Characteristics>
	</Calcification>
</Calcifications>
	
