<?xml version="1.0"?>
<Calcifications xmlns:xsi="http://www.w3.org/2001/XMLSchema-instance" xsi:noNamespaceSchemaLocation="file:///CalcificationDB.xsd">
	<Calcification>
		<ClusterName>ACY1p1</ClusterName>
		<BinaryDataRecord>
			<Displacement>0</Displacement>
			<Size>1105920</Size>
		</BinaryDataRecord>
		<VoxelSize>
			<SizeX>0.02</SizeX>
			<SizeY>0.02</SizeY>
			<SizeZ>0.02</SizeZ>
		</VoxelSize>
		<Characteristics>
			<Malignancy> Benign </Malignancy>
			<Detail> "stromal fibrosis, ductal hyperplasia, w/ atypia, No Ca++" </Detail>
			<NumVoxels>6922</NumVoxels>
			<BB_Size>
			<SizeX>0.62</SizeX>
			<SizeY>0.52</SizeY>
			<SizeZ>0.64</SizeZ>
			</BB_Size>
			<BB_Count>
			<SizeX>31</SizeX>
			<SizeY>26</SizeY>
			<SizeZ>32</SizeZ>
			</BB_Count>
		</Characteristics>
	</Calcification>
</Calcifications>
	
