<?xml version="1.0"?>
<Calcifications xmlns:xsi="http://www.w3.org/2001/XMLSchema-instance" xsi:noNamespaceSchemaLocation="file:///CalcificationDB.xsd">
	<Calcification>
		<ClusterName>ACK1p1</ClusterName>
		<BinaryDataRecord>
			<Displacement>40919040</Displacement>
			<Size>1105920</Size>
		</BinaryDataRecord>
		<VoxelSize>
			<SizeX>0.02</SizeX>
			<SizeY>0.02</SizeY>
			<SizeZ>0.02</SizeZ>
		</VoxelSize>
		<Characteristics>
			<Malignancy> Benign </Malignancy>
			<Detail> "stromal fibrosis, ductal hyperplasia, w/ atypia, No Ca++" </Detail>
			<NumVoxels>24776</NumVoxels>
			<BB_Size>
			<SizeX>2.92</SizeX>
			<SizeY>2.34</SizeY>
			<SizeZ>0.86</SizeZ>
			</BB_Size>
			<BB_Count>
			<SizeX>146</SizeX>
			<SizeY>117</SizeY>
			<SizeZ>43</SizeZ>
			</BB_Count>
		</Characteristics>
	</Calcification>
</Calcifications>
	
