<?xml version="1.0"?>
<Calcifications xmlns:xsi="http://www.w3.org/2001/XMLSchema-instance" xsi:noNamespaceSchemaLocation="file:///CalcificationDB.xsd">
	<Calcification>
		<CalcName>ABY1p1_5</CalcName>
		<ClusterName>ABY1p1</ClusterName>
		<Position3D>
			<XPos>1.3943635</XPos>
			<YPos>4.2830558</YPos>
			<ZPos>4.4358654</ZPos>
		</Position3D>
		<BinaryDataRecord>
			<Displacement>4423680</Displacement>
			<Size>1105920</Size>
		</BinaryDataRecord>
		<VoxelCount>
			<CountX>100</CountX>
			<CountY>100</CountY>
			<CountZ>100</CountZ>
		</VoxelCount>
		<VoxelSize>
			<SizeX>0.02</SizeX>
			<SizeY>0.02</SizeY>
			<SizeZ>0.02</SizeZ>
		</VoxelSize>
		<Characteristics>
			<NumVoxels>188</NumVoxels>
			<Volume units="cc">0.001504</Volume>
			<SurfaceArea units="cm sq.">0.0</SurfaceArea>
			<Radius units="cm">0.13</Radius>
			<Directionality>8.125</Directionality>
			<Eccentricity>0.0</Eccentricity>
			<Shape>0.0</Shape>
			<BB_Size>
			<SizeX>0.26</SizeX>
			<SizeY>0.2</SizeY>
			<SizeZ>0.18</SizeZ>
			</BB_Size>
			<BB_Count>
			<SizeX>13</SizeX>
			<SizeY>10</SizeY>
			<SizeZ>9</SizeZ>
			</BB_Count>
		</Characteristics>
	</Calcification>
</Calcifications>
	
