<?xml version="1.0"?>
<Calcifications xmlns:xsi="http://www.w3.org/2001/XMLSchema-instance" xsi:noNamespaceSchemaLocation="file:///CalcificationDB.xsd">
	<Calcification>
		<CalcName>AEB1p1_4</CalcName>
		<ClusterName>AEB1p1</ClusterName>
		<Position3D>
			<XPos>2.1253543</XPos>
			<YPos>2.6151905</YPos>
			<ZPos>3.8379664</ZPos>
		</Position3D>
		<BinaryDataRecord>
			<Displacement>3317760</Displacement>
			<Size>1105920</Size>
		</BinaryDataRecord>
		<VoxelCount>
			<CountX>100</CountX>
			<CountY>100</CountY>
			<CountZ>100</CountZ>
		</VoxelCount>
		<VoxelSize>
			<SizeX>0.02</SizeX>
			<SizeY>0.02</SizeY>
			<SizeZ>0.02</SizeZ>
		</VoxelSize>
		<Characteristics>
			<NumVoxels>1878</NumVoxels>
			<Volume units="cc">0.015024</Volume>
			<SurfaceArea units="cm sq.">0.0</SurfaceArea>
			<Radius units="cm">0.34</Radius>
			<Directionality>3.7037</Directionality>
			<Eccentricity>0.0</Eccentricity>
			<Shape>0.0</Shape>
			<BB_Size>
			<SizeX>0.68</SizeX>
			<SizeY>0.54</SizeY>
			<SizeZ>0.36</SizeZ>
			</BB_Size>
			<BB_Count>
			<SizeX>34</SizeX>
			<SizeY>27</SizeY>
			<SizeZ>18</SizeZ>
			</BB_Count>
		</Characteristics>
	</Calcification>
</Calcifications>
	
