<?xml version="1.0"?>
<Calcifications xmlns:xsi="http://www.w3.org/2001/XMLSchema-instance" xsi:noNamespaceSchemaLocation="file:///CalcificationDB.xsd">
	<Calcification>
		<ClusterName>AAA2p1</ClusterName>
		<BinaryDataRecord>
			<Displacement>19906560</Displacement>
			<Size>1105920</Size>
		</BinaryDataRecord>
		<VoxelSize>
			<SizeX>0.02</SizeX>
			<SizeY>0.02</SizeY>
			<SizeZ>0.02</SizeZ>
		</VoxelSize>
		<Characteristics>
			<Malignancy> Benign </Malignancy>
			<Detail> "stromal fibrosis, ductal hyperplasia, w/ atypia, No Ca++" </Detail>
			<NumVoxels>182</NumVoxels>
			<BB_Size>
			<SizeX>1.94</SizeX>
			<SizeY>1.36</SizeY>
			<SizeZ>1.12</SizeZ>
			</BB_Size>
			<BB_Count>
			<SizeX>97</SizeX>
			<SizeY>68</SizeY>
			<SizeZ>56</SizeZ>
			</BB_Count>
		</Characteristics>
	</Calcification>
</Calcifications>
	
