<?xml version="1.0"?>
<Calcifications xmlns:xsi="http://www.w3.org/2001/XMLSchema-instance" xsi:noNamespaceSchemaLocation="file:///CalcificationDB.xsd">
	<Calcification>
		<CalcName>AEJa1p1_2</CalcName>
		<ClusterName>AEJa1p1</ClusterName>
		<Position3D>
			<XPos>3.317533</XPos>
			<YPos>3.553998</YPos>
			<ZPos>4.8844604</ZPos>
		</Position3D>
		<BinaryDataRecord>
			<Displacement>1105920</Displacement>
			<Size>1105920</Size>
		</BinaryDataRecord>
		<VoxelCount>
			<CountX>100</CountX>
			<CountY>100</CountY>
			<CountZ>100</CountZ>
		</VoxelCount>
		<VoxelSize>
			<SizeX>0.02</SizeX>
			<SizeY>0.02</SizeY>
			<SizeZ>0.02</SizeZ>
		</VoxelSize>
		<Characteristics>
			<NumVoxels>664</NumVoxels>
			<Volume units="cc">0.005312</Volume>
			<SurfaceArea units="cm sq.">0.0</SurfaceArea>
			<Radius units="cm">0.14</Radius>
			<Directionality>5.38462</Directionality>
			<Eccentricity>0.0</Eccentricity>
			<Shape>0.0</Shape>
			<BB_Size>
			<SizeX>0.28</SizeX>
			<SizeY>0.2</SizeY>
			<SizeZ>0.28</SizeZ>
			</BB_Size>
			<BB_Count>
			<SizeX>14</SizeX>
			<SizeY>10</SizeY>
			<SizeZ>14</SizeZ>
			</BB_Count>
		</Characteristics>
	</Calcification>
</Calcifications>
	
