<?xml version="1.0"?>
<Calcifications xmlns:xsi="http://www.w3.org/2001/XMLSchema-instance" xsi:noNamespaceSchemaLocation="file:///CalcificationDB.xsd">
	<Calcification>
		<CalcName>ADI1p1_9</CalcName>
		<ClusterName>ADI1p1</ClusterName>
		<Position3D>
			<XPos>2.2262592</XPos>
			<YPos>3.3687992</YPos>
			<ZPos>1.7354698</ZPos>
		</Position3D>
		<BinaryDataRecord>
			<Displacement>8847360</Displacement>
			<Size>1105920</Size>
		</BinaryDataRecord>
		<VoxelCount>
			<CountX>100</CountX>
			<CountY>100</CountY>
			<CountZ>100</CountZ>
		</VoxelCount>
		<VoxelSize>
			<SizeX>0.02</SizeX>
			<SizeY>0.02</SizeY>
			<SizeZ>0.02</SizeZ>
		</VoxelSize>
		<Characteristics>
			<NumVoxels>332</NumVoxels>
			<Volume units="cc">0.002656</Volume>
			<SurfaceArea units="cm sq.">0.0</SurfaceArea>
			<Radius units="cm">0.12</Radius>
			<Directionality>7.79221</Directionality>
			<Eccentricity>0.0</Eccentricity>
			<Shape>0.0</Shape>
			<BB_Size>
			<SizeX>0.24</SizeX>
			<SizeY>0.14</SizeY>
			<SizeZ>0.24</SizeZ>
			</BB_Size>
			<BB_Count>
			<SizeX>12</SizeX>
			<SizeY>7</SizeY>
			<SizeZ>12</SizeZ>
			</BB_Count>
		</Characteristics>
	</Calcification>
</Calcifications>
	
