<?xml version="1.0"?>
<Calcifications xmlns:xsi="http://www.w3.org/2001/XMLSchema-instance" xsi:noNamespaceSchemaLocation="file:///CalcificationDB.xsd">
	<Calcification>
		<CalcName>ACS1p1_3</CalcName>
		<ClusterName>ACS1p1</ClusterName>
		<Position3D>
			<XPos>1.7406621</XPos>
			<YPos>3.3291459</YPos>
			<ZPos>2.1907406</ZPos>
		</Position3D>
		<BinaryDataRecord>
			<Displacement>2211840</Displacement>
			<Size>1105920</Size>
		</BinaryDataRecord>
		<VoxelCount>
			<CountX>100</CountX>
			<CountY>100</CountY>
			<CountZ>100</CountZ>
		</VoxelCount>
		<VoxelSize>
			<SizeX>0.02</SizeX>
			<SizeY>0.02</SizeY>
			<SizeZ>0.02</SizeZ>
		</VoxelSize>
		<Characteristics>
			<NumVoxels>1137</NumVoxels>
			<Volume units="cc">0.009096</Volume>
			<SurfaceArea units="cm sq.">0.0</SurfaceArea>
			<Radius units="cm">0.26</Radius>
			<Directionality>7.64706</Directionality>
			<Eccentricity>0.0</Eccentricity>
			<Shape>0.0</Shape>
			<BB_Size>
			<SizeX>0.52</SizeX>
			<SizeY>0.2</SizeY>
			<SizeZ>0.36</SizeZ>
			</BB_Size>
			<BB_Count>
			<SizeX>26</SizeX>
			<SizeY>10</SizeY>
			<SizeZ>18</SizeZ>
			</BB_Count>
		</Characteristics>
	</Calcification>
</Calcifications>
	
