<?xml version="1.0"?>
<Calcifications xmlns:xsi="http://www.w3.org/2001/XMLSchema-instance" xsi:noNamespaceSchemaLocation="file:///CalcificationDB.xsd">
	<Calcification>
		<CalcName>ACJ1p1_1</CalcName>
		<ClusterName>ACJ1p1</ClusterName>
		<Position3D>
			<XPos>2.6583202</XPos>
			<YPos>2.7499645</YPos>
			<ZPos>3.268791</ZPos>
		</Position3D>
		<BinaryDataRecord>
			<Displacement>0</Displacement>
			<Size>1105920</Size>
		</BinaryDataRecord>
		<VoxelCount>
			<CountX>100</CountX>
			<CountY>100</CountY>
			<CountZ>100</CountZ>
		</VoxelCount>
		<VoxelSize>
			<SizeX>0.02</SizeX>
			<SizeY>0.02</SizeY>
			<SizeZ>0.02</SizeZ>
		</VoxelSize>
		<Characteristics>
			<NumVoxels>366</NumVoxels>
			<Volume units="cc">0.002928</Volume>
			<SurfaceArea units="cm sq.">0.0</SurfaceArea>
			<Radius units="cm">0.19</Radius>
			<Directionality>8.7963</Directionality>
			<Eccentricity>0.0</Eccentricity>
			<Shape>0.0</Shape>
			<BB_Size>
			<SizeX>0.38</SizeX>
			<SizeY>0.18</SizeY>
			<SizeZ>0.26</SizeZ>
			</BB_Size>
			<BB_Count>
			<SizeX>19</SizeX>
			<SizeY>9</SizeY>
			<SizeZ>13</SizeZ>
			</BB_Count>
		</Characteristics>
	</Calcification>
</Calcifications>
	
