<?xml version="1.0"?>
<Calcifications xmlns:xsi="http://www.w3.org/2001/XMLSchema-instance" xsi:noNamespaceSchemaLocation="file:///CalcificationDB.xsd">
	<Calcification>
		<ClusterName>ABI1p1</ClusterName>
		<BinaryDataRecord>
			<Displacement>3317760</Displacement>
			<Size>1105920</Size>
		</BinaryDataRecord>
		<VoxelSize>
			<SizeX>0.02</SizeX>
			<SizeY>0.02</SizeY>
			<SizeZ>0.02</SizeZ>
		</VoxelSize>
		<Characteristics>
			<Malignancy> Benign </Malignancy>
			<Detail> "stromal fibrosis, ductal hyperplasia, w/ atypia, No Ca++" </Detail>
			<NumVoxels>2141</NumVoxels>
			<BB_Size>
			<SizeX>1.6</SizeX>
			<SizeY>1.6</SizeY>
			<SizeZ>2.3000000000000003</SizeZ>
			</BB_Size>
			<BB_Count>
			<SizeX>80</SizeX>
			<SizeY>80</SizeY>
			<SizeZ>115</SizeZ>
			</BB_Count>
		</Characteristics>
	</Calcification>
</Calcifications>
	
