<?xml version="1.0"?>
<Calcifications xmlns:xsi="http://www.w3.org/2001/XMLSchema-instance" xsi:noNamespaceSchemaLocation="file:///CalcificationDB.xsd">
	<Calcification>
		<CalcName>ACN1p1_7</CalcName>
		<ClusterName>ACN1p1</ClusterName>
		<Position3D>
			<XPos>2.8120115</XPos>
			<YPos>2.7050703</YPos>
			<ZPos>3.1147013</ZPos>
		</Position3D>
		<BinaryDataRecord>
			<Displacement>6635520</Displacement>
			<Size>1105920</Size>
		</BinaryDataRecord>
		<VoxelCount>
			<CountX>100</CountX>
			<CountY>100</CountY>
			<CountZ>100</CountZ>
		</VoxelCount>
		<VoxelSize>
			<SizeX>0.02</SizeX>
			<SizeY>0.02</SizeY>
			<SizeZ>0.02</SizeZ>
		</VoxelSize>
		<Characteristics>
			<NumVoxels>10988</NumVoxels>
			<Volume units="cc">0.087904</Volume>
			<SurfaceArea units="cm sq.">0.0</SurfaceArea>
			<Radius units="cm">0.54</Radius>
			<Directionality>3.125</Directionality>
			<Eccentricity>0.0</Eccentricity>
			<Shape>0.0</Shape>
			<BB_Size>
			<SizeX>1.08</SizeX>
			<SizeY>0.48</SizeY>
			<SizeZ>0.74</SizeZ>
			</BB_Size>
			<BB_Count>
			<SizeX>54</SizeX>
			<SizeY>24</SizeY>
			<SizeZ>37</SizeZ>
			</BB_Count>
		</Characteristics>
	</Calcification>
</Calcifications>
	
