<?xml version="1.0"?>
<Calcifications xmlns:xsi="http://www.w3.org/2001/XMLSchema-instance" xsi:noNamespaceSchemaLocation="file:///CalcificationDB.xsd">
	<Calcification>
		<ClusterName>ACO1p1</ClusterName>
		<BinaryDataRecord>
			<Displacement>9953280</Displacement>
			<Size>1105920</Size>
		</BinaryDataRecord>
		<VoxelSize>
			<SizeX>0.02</SizeX>
			<SizeY>0.02</SizeY>
			<SizeZ>0.02</SizeZ>
		</VoxelSize>
		<Characteristics>
			<Malignancy> Benign </Malignancy>
			<Detail> "stromal fibrosis, ductal hyperplasia, w/ atypia, No Ca++" </Detail>
			<NumVoxels>19595</NumVoxels>
			<BB_Size>
			<SizeX>3.7800000000000002</SizeX>
			<SizeY>2.32</SizeY>
			<SizeZ>1.8</SizeZ>
			</BB_Size>
			<BB_Count>
			<SizeX>189</SizeX>
			<SizeY>116</SizeY>
			<SizeZ>90</SizeZ>
			</BB_Count>
		</Characteristics>
	</Calcification>
</Calcifications>
	
