<?xml version="1.0"?>
<Calcifications xmlns:xsi="http://www.w3.org/2001/XMLSchema-instance" xsi:noNamespaceSchemaLocation="file:///CalcificationDB.xsd">
	<Calcification>
		<ClusterName>ACH1p1</ClusterName>
		<BinaryDataRecord>
			<Displacement>15482880</Displacement>
			<Size>1105920</Size>
		</BinaryDataRecord>
		<VoxelSize>
			<SizeX>0.02</SizeX>
			<SizeY>0.02</SizeY>
			<SizeZ>0.02</SizeZ>
		</VoxelSize>
		<Characteristics>
			<Malignancy> Benign </Malignancy>
			<Detail> "stromal fibrosis, ductal hyperplasia, w/ atypia, No Ca++" </Detail>
			<NumVoxels>4361</NumVoxels>
			<BB_Size>
			<SizeX>1.7</SizeX>
			<SizeY>2.32</SizeY>
			<SizeZ>2.32</SizeZ>
			</BB_Size>
			<BB_Count>
			<SizeX>85</SizeX>
			<SizeY>116</SizeY>
			<SizeZ>116</SizeZ>
			</BB_Count>
		</Characteristics>
	</Calcification>
</Calcifications>
	
