<?xml version="1.0"?>
<Calcifications xmlns:xsi="http://www.w3.org/2001/XMLSchema-instance" xsi:noNamespaceSchemaLocation="file:///CalcificationDB.xsd">
	<Calcification>
		<ClusterName>ADE1p1</ClusterName>
		<BinaryDataRecord>
			<Displacement>2211840</Displacement>
			<Size>1105920</Size>
		</BinaryDataRecord>
		<VoxelSize>
			<SizeX>0.02</SizeX>
			<SizeY>0.02</SizeY>
			<SizeZ>0.02</SizeZ>
		</VoxelSize>
		<Characteristics>
			<Malignancy> Benign </Malignancy>
			<Detail> "stromal fibrosis, ductal hyperplasia, w/ atypia, No Ca++" </Detail>
			<NumVoxels>1123</NumVoxels>
			<BB_Size>
			<SizeX>0.9400000000000001</SizeX>
			<SizeY>1.0</SizeY>
			<SizeZ>1.22</SizeZ>
			</BB_Size>
			<BB_Count>
			<SizeX>47</SizeX>
			<SizeY>50</SizeY>
			<SizeZ>61</SizeZ>
			</BB_Count>
		</Characteristics>
	</Calcification>
</Calcifications>
	
