<?xml version="1.0"?>
<Calcifications xmlns:xsi="http://www.w3.org/2001/XMLSchema-instance" xsi:noNamespaceSchemaLocation="file:///CalcificationDB.xsd">
	<Calcification>
		<ClusterName>AEW1p1</ClusterName>
		<BinaryDataRecord>
			<Displacement>2211840</Displacement>
			<Size>1105920</Size>
		</BinaryDataRecord>
		<VoxelSize>
			<SizeX>0.02</SizeX>
			<SizeY>0.02</SizeY>
			<SizeZ>0.02</SizeZ>
		</VoxelSize>
		<Characteristics>
			<Malignancy> Benign </Malignancy>
			<Detail> "stromal fibrosis, ductal hyperplasia, w/ atypia, No Ca++" </Detail>
			<NumVoxels>1614</NumVoxels>
			<BB_Size>
			<SizeX>0.74</SizeX>
			<SizeY>0.44</SizeY>
			<SizeZ>0.44</SizeZ>
			</BB_Size>
			<BB_Count>
			<SizeX>37</SizeX>
			<SizeY>22</SizeY>
			<SizeZ>22</SizeZ>
			</BB_Count>
		</Characteristics>
	</Calcification>
</Calcifications>
	
