<?xml version="1.0"?>
<Calcifications xmlns:xsi="http://www.w3.org/2001/XMLSchema-instance" xsi:noNamespaceSchemaLocation="file:///CalcificationDB.xsd">
	<Calcification>
		<CalcName>AALa1p1_1</CalcName>
		<ClusterName>AALa1p1</ClusterName>
		<Position3D>
			<XPos>1.9904094</XPos>
			<YPos>2.9471893</YPos>
			<ZPos>2.7055535</ZPos>
		</Position3D>
		<BinaryDataRecord>
			<Displacement>0</Displacement>
			<Size>1105920</Size>
		</BinaryDataRecord>
		<VoxelCount>
			<CountX>100</CountX>
			<CountY>100</CountY>
			<CountZ>100</CountZ>
		</VoxelCount>
		<VoxelSize>
			<SizeX>0.02</SizeX>
			<SizeY>0.02</SizeY>
			<SizeZ>0.02</SizeZ>
		</VoxelSize>
		<Characteristics>
			<NumVoxels>6885</NumVoxels>
			<Volume units="cc">0.0</Volume>
			<SurfaceArea units="cm sq.">0.0</SurfaceArea>
			<Radius units="cm">0.0</Radius>
			<Directionality>0.0</Directionality>
			<Eccentricity>0.0</Eccentricity>
			<Shape>0.0</Shape>
			<BB_Size>
			<SizeX>0.58</SizeX>
			<SizeY>0.5</SizeY>
			<SizeZ>0.66</SizeZ>
			</BB_Size>
			<BB_Count>
			<SizeX>29</SizeX>
			<SizeY>25</SizeY>
			<SizeZ>33</SizeZ>
			</BB_Count>
		</Characteristics>
	</Calcification>
</Calcifications>
	
