<?xml version="1.0"?>
<Calcifications xmlns:xsi="http://www.w3.org/2001/XMLSchema-instance" xsi:noNamespaceSchemaLocation="file:///CalcificationDB.xsd">
	<Calcification>
		<ClusterName>AAR1p1</ClusterName>
		<BinaryDataRecord>
			<Displacement>8847360</Displacement>
			<Size>1105920</Size>
		</BinaryDataRecord>
		<VoxelSize>
			<SizeX>0.02</SizeX>
			<SizeY>0.02</SizeY>
			<SizeZ>0.02</SizeZ>
		</VoxelSize>
		<Characteristics>
			<Malignancy> Benign </Malignancy>
			<Detail> "stromal fibrosis, ductal hyperplasia, w/ atypia, No Ca++" </Detail>
			<NumVoxels>3302</NumVoxels>
			<BB_Size>
			<SizeX>1.82</SizeX>
			<SizeY>1.76</SizeY>
			<SizeZ>0.62</SizeZ>
			</BB_Size>
			<BB_Count>
			<SizeX>91</SizeX>
			<SizeY>88</SizeY>
			<SizeZ>31</SizeZ>
			</BB_Count>
		</Characteristics>
	</Calcification>
</Calcifications>
	
