<?xml version="1.0"?>
<Calcifications xmlns:xsi="http://www.w3.org/2001/XMLSchema-instance" xsi:noNamespaceSchemaLocation="file:///CalcificationDB.xsd">
	<Calcification>
		<CalcName>ABN1p1_2</CalcName>
		<ClusterName>ABN1p1</ClusterName>
		<Position3D>
			<XPos>2.1312571</XPos>
			<YPos>2.4274044</YPos>
			<ZPos>3.6706984</ZPos>
		</Position3D>
		<BinaryDataRecord>
			<Displacement>1105920</Displacement>
			<Size>1105920</Size>
		</BinaryDataRecord>
		<VoxelCount>
			<CountX>100</CountX>
			<CountY>100</CountY>
			<CountZ>100</CountZ>
		</VoxelCount>
		<VoxelSize>
			<SizeX>0.02</SizeX>
			<SizeY>0.02</SizeY>
			<SizeZ>0.02</SizeZ>
		</VoxelSize>
		<Characteristics>
			<NumVoxels>12</NumVoxels>
			<Volume units="cc">-5.0</Volume>
			<SurfaceArea units="cm sq.">0.0</SurfaceArea>
			<Radius units="cm">0.04</Radius>
			<Directionality>12.5</Directionality>
			<Eccentricity>0.0</Eccentricity>
			<Shape>0.0</Shape>
			<BB_Size>
			<SizeX>0.06</SizeX>
			<SizeY>0.06</SizeY>
			<SizeZ>0.1</SizeZ>
			</BB_Size>
			<BB_Count>
			<SizeX>3</SizeX>
			<SizeY>3</SizeY>
			<SizeZ>5</SizeZ>
			</BB_Count>
		</Characteristics>
	</Calcification>
</Calcifications>
	
