<?xml version="1.0"?>
<Calcifications xmlns:xsi="http://www.w3.org/2001/XMLSchema-instance" xsi:noNamespaceSchemaLocation="file:///CalcificationDB.xsd">
	<Calcification>
		<CalcName>ABI1p1_1</CalcName>
		<ClusterName>ABI1p1</ClusterName>
		<Position3D>
			<XPos>2.3647187</XPos>
			<YPos>3.053005</YPos>
			<ZPos>3.6946495</ZPos>
		</Position3D>
		<BinaryDataRecord>
			<Displacement>0</Displacement>
			<Size>1105920</Size>
		</BinaryDataRecord>
		<VoxelCount>
			<CountX>100</CountX>
			<CountY>100</CountY>
			<CountZ>100</CountZ>
		</VoxelCount>
		<VoxelSize>
			<SizeX>0.02</SizeX>
			<SizeY>0.02</SizeY>
			<SizeZ>0.02</SizeZ>
		</VoxelSize>
		<Characteristics>
			<NumVoxels>2491</NumVoxels>
			<Volume units="cc">0.019928</Volume>
			<SurfaceArea units="cm sq.">0.0</SurfaceArea>
			<Radius units="cm">0.26</Radius>
			<Directionality>1.76923</Directionality>
			<Eccentricity>0.0</Eccentricity>
			<Shape>0.0</Shape>
			<BB_Size>
			<SizeX>0.46</SizeX>
			<SizeY>0.52</SizeY>
			<SizeZ>0.52</SizeZ>
			</BB_Size>
			<BB_Count>
			<SizeX>23</SizeX>
			<SizeY>26</SizeY>
			<SizeZ>26</SizeZ>
			</BB_Count>
		</Characteristics>
	</Calcification>
</Calcifications>
	
