<?xml version="1.0"?>
<Calcifications xmlns:xsi="http://www.w3.org/2001/XMLSchema-instance" xsi:noNamespaceSchemaLocation="file:///CalcificationDB.xsd">
	<Calcification>
		<CalcName>AAM1p1_8</CalcName>
		<ClusterName>AAM1p1</ClusterName>
		<Position3D>
			<XPos>1.7742096</XPos>
			<YPos>2.7325013</YPos>
			<ZPos>3.3495877</ZPos>
		</Position3D>
		<BinaryDataRecord>
			<Displacement>7741440</Displacement>
			<Size>1105920</Size>
		</BinaryDataRecord>
		<VoxelCount>
			<CountX>100</CountX>
			<CountY>100</CountY>
			<CountZ>100</CountZ>
		</VoxelCount>
		<VoxelSize>
			<SizeX>0.02</SizeX>
			<SizeY>0.02</SizeY>
			<SizeZ>0.02</SizeZ>
		</VoxelSize>
		<Characteristics>
			<NumVoxels>54</NumVoxels>
			<Volume units="cc">4.32E-4</Volume>
			<SurfaceArea units="cm sq.">0.0</SurfaceArea>
			<Radius units="cm">0.14</Radius>
			<Directionality>29.1667</Directionality>
			<Eccentricity>0.0</Eccentricity>
			<Shape>0.0</Shape>
			<BB_Size>
			<SizeX>0.28</SizeX>
			<SizeY>0.06</SizeY>
			<SizeZ>0.18</SizeZ>
			</BB_Size>
			<BB_Count>
			<SizeX>14</SizeX>
			<SizeY>3</SizeY>
			<SizeZ>9</SizeZ>
			</BB_Count>
		</Characteristics>
	</Calcification>
</Calcifications>
	
