<?xml version="1.0"?>
<Calcifications xmlns:xsi="http://www.w3.org/2001/XMLSchema-instance" xsi:noNamespaceSchemaLocation="file:///CalcificationDB.xsd">
	<Calcification>
		<CalcName>ACFb1p1_1</CalcName>
		<ClusterName>ACFb1p1</ClusterName>
		<Position3D>
			<XPos>2.8524377</XPos>
			<YPos>1.6819404</YPos>
			<ZPos>3.5907307</ZPos>
		</Position3D>
		<BinaryDataRecord>
			<Displacement>0</Displacement>
			<Size>1105920</Size>
		</BinaryDataRecord>
		<VoxelCount>
			<CountX>100</CountX>
			<CountY>100</CountY>
			<CountZ>100</CountZ>
		</VoxelCount>
		<VoxelSize>
			<SizeX>0.02</SizeX>
			<SizeY>0.02</SizeY>
			<SizeZ>0.02</SizeZ>
		</VoxelSize>
		<Characteristics>
			<NumVoxels>6298</NumVoxels>
			<Volume units="cc">0.050384</Volume>
			<SurfaceArea units="cm sq.">0.0</SurfaceArea>
			<Radius units="cm">0.37</Radius>
			<Directionality>2.55172</Directionality>
			<Eccentricity>0.0</Eccentricity>
			<Shape>0.0</Shape>
			<BB_Size>
			<SizeX>0.74</SizeX>
			<SizeY>0.5</SizeY>
			<SizeZ>0.6</SizeZ>
			</BB_Size>
			<BB_Count>
			<SizeX>37</SizeX>
			<SizeY>25</SizeY>
			<SizeZ>30</SizeZ>
			</BB_Count>
		</Characteristics>
	</Calcification>
</Calcifications>
	
