<?xml version="1.0"?>
<Calcifications xmlns:xsi="http://www.w3.org/2001/XMLSchema-instance" xsi:noNamespaceSchemaLocation="file:///CalcificationDB.xsd">
	<Calcification>
		<CalcName>AALa1p1_10</CalcName>
		<ClusterName>AALa1p1</ClusterName>
		<Position3D>
			<XPos>2.4000039</XPos>
			<YPos>2.8223732</YPos>
			<ZPos>2.6395936</ZPos>
		</Position3D>
		<BinaryDataRecord>
			<Displacement>9953280</Displacement>
			<Size>1105920</Size>
		</BinaryDataRecord>
		<VoxelCount>
			<CountX>100</CountX>
			<CountY>100</CountY>
			<CountZ>100</CountZ>
		</VoxelCount>
		<VoxelSize>
			<SizeX>0.02</SizeX>
			<SizeY>0.02</SizeY>
			<SizeZ>0.02</SizeZ>
		</VoxelSize>
		<Characteristics>
			<NumVoxels>578</NumVoxels>
			<Volume units="cc">0.004624</Volume>
			<SurfaceArea units="cm sq.">0.0</SurfaceArea>
			<Radius units="cm">0.15</Radius>
			<Directionality>6.81818</Directionality>
			<Eccentricity>0.0</Eccentricity>
			<Shape>0.0</Shape>
			<BB_Size>
			<SizeX>0.3</SizeX>
			<SizeY>0.2</SizeY>
			<SizeZ>0.24</SizeZ>
			</BB_Size>
			<BB_Count>
			<SizeX>15</SizeX>
			<SizeY>10</SizeY>
			<SizeZ>12</SizeZ>
			</BB_Count>
		</Characteristics>
	</Calcification>
</Calcifications>
	
