<?xml version="1.0"?>
<Calcifications xmlns:xsi="http://www.w3.org/2001/XMLSchema-instance" xsi:noNamespaceSchemaLocation="file:///CalcificationDB.xsd">
	<Calcification>
		<ClusterName>ACW1p1</ClusterName>
		<BinaryDataRecord>
			<Displacement>7741440</Displacement>
			<Size>1105920</Size>
		</BinaryDataRecord>
		<VoxelSize>
			<SizeX>0.02</SizeX>
			<SizeY>0.02</SizeY>
			<SizeZ>0.02</SizeZ>
		</VoxelSize>
		<Characteristics>
			<Malignancy> Benign </Malignancy>
			<Detail> "stromal fibrosis, ductal hyperplasia, w/ atypia, No Ca++" </Detail>
			<NumVoxels>23496</NumVoxels>
			<BB_Size>
			<SizeX>2.48</SizeX>
			<SizeY>2.86</SizeY>
			<SizeZ>2.2600000000000002</SizeZ>
			</BB_Size>
			<BB_Count>
			<SizeX>124</SizeX>
			<SizeY>143</SizeY>
			<SizeZ>113</SizeZ>
			</BB_Count>
		</Characteristics>
	</Calcification>
</Calcifications>
	
