<?xml version="1.0"?>
<Calcifications xmlns:xsi="http://www.w3.org/2001/XMLSchema-instance" xsi:noNamespaceSchemaLocation="file:///CalcificationDB.xsd">
	<Calcification>
		<CalcName>AEO1p1_6</CalcName>
		<ClusterName>AEO1p1</ClusterName>
		<Position3D>
			<XPos>3.1522946</XPos>
			<YPos>2.4062176</YPos>
			<ZPos>4.3656635</ZPos>
		</Position3D>
		<BinaryDataRecord>
			<Displacement>5529600</Displacement>
			<Size>1105920</Size>
		</BinaryDataRecord>
		<VoxelCount>
			<CountX>100</CountX>
			<CountY>100</CountY>
			<CountZ>100</CountZ>
		</VoxelCount>
		<VoxelSize>
			<SizeX>0.02</SizeX>
			<SizeY>0.02</SizeY>
			<SizeZ>0.02</SizeZ>
		</VoxelSize>
		<Characteristics>
			<NumVoxels>14</NumVoxels>
			<Volume units="cc">1.12E-4</Volume>
			<SurfaceArea units="cm sq.">0.0</SurfaceArea>
			<Radius units="cm">0.08</Radius>
			<Directionality>50.0</Directionality>
			<Eccentricity>0.0</Eccentricity>
			<Shape>0.0</Shape>
			<BB_Size>
			<SizeX>0.16</SizeX>
			<SizeY>0.04</SizeY>
			<SizeZ>0.1</SizeZ>
			</BB_Size>
			<BB_Count>
			<SizeX>8</SizeX>
			<SizeY>2</SizeY>
			<SizeZ>5</SizeZ>
			</BB_Count>
		</Characteristics>
	</Calcification>
</Calcifications>
	
