<?xml version="1.0"?>
<Calcifications xmlns:xsi="http://www.w3.org/2001/XMLSchema-instance" xsi:noNamespaceSchemaLocation="file:///CalcificationDB.xsd">
	<Calcification>
		<CalcName>AEM1p1_2</CalcName>
		<ClusterName>AEM1p1</ClusterName>
		<Position3D>
			<XPos>2.5535345</XPos>
			<YPos>4.1924729</YPos>
			<ZPos>1.6504457</ZPos>
		</Position3D>
		<BinaryDataRecord>
			<Displacement>1105920</Displacement>
			<Size>1105920</Size>
		</BinaryDataRecord>
		<VoxelCount>
			<CountX>100</CountX>
			<CountY>100</CountY>
			<CountZ>100</CountZ>
		</VoxelCount>
		<VoxelSize>
			<SizeX>0.02</SizeX>
			<SizeY>0.02</SizeY>
			<SizeZ>0.02</SizeZ>
		</VoxelSize>
		<Characteristics>
			<NumVoxels>553</NumVoxels>
			<Volume units="cc">0.004424</Volume>
			<SurfaceArea units="cm sq.">0.0</SurfaceArea>
			<Radius units="cm">0.16</Radius>
			<Directionality>8.33333</Directionality>
			<Eccentricity>0.0</Eccentricity>
			<Shape>0.0</Shape>
			<BB_Size>
			<SizeX>0.32</SizeX>
			<SizeY>0.12</SizeY>
			<SizeZ>0.34</SizeZ>
			</BB_Size>
			<BB_Count>
			<SizeX>16</SizeX>
			<SizeY>6</SizeY>
			<SizeZ>17</SizeZ>
			</BB_Count>
		</Characteristics>
	</Calcification>
</Calcifications>
	
