<?xml version="1.0"?>
<Calcifications xmlns:xsi="http://www.w3.org/2001/XMLSchema-instance" xsi:noNamespaceSchemaLocation="file:///CalcificationDB.xsd">
	<Calcification>
		<CalcName>ACS1p1_5</CalcName>
		<ClusterName>ACS1p1</ClusterName>
		<Position3D>
			<XPos>2.3016555</XPos>
			<YPos>4.3811574</YPos>
			<ZPos>1.989199</ZPos>
		</Position3D>
		<BinaryDataRecord>
			<Displacement>4423680</Displacement>
			<Size>1105920</Size>
		</BinaryDataRecord>
		<VoxelCount>
			<CountX>100</CountX>
			<CountY>100</CountY>
			<CountZ>100</CountZ>
		</VoxelCount>
		<VoxelSize>
			<SizeX>0.02</SizeX>
			<SizeY>0.02</SizeY>
			<SizeZ>0.02</SizeZ>
		</VoxelSize>
		<Characteristics>
			<NumVoxels>4079</NumVoxels>
			<Volume units="cc">0.032632</Volume>
			<SurfaceArea units="cm sq.">0.0</SurfaceArea>
			<Radius units="cm">0.33</Radius>
			<Directionality>2.86957</Directionality>
			<Eccentricity>0.0</Eccentricity>
			<Shape>0.0</Shape>
			<BB_Size>
			<SizeX>0.66</SizeX>
			<SizeY>0.5</SizeY>
			<SizeZ>0.48</SizeZ>
			</BB_Size>
			<BB_Count>
			<SizeX>33</SizeX>
			<SizeY>25</SizeY>
			<SizeZ>24</SizeZ>
			</BB_Count>
		</Characteristics>
	</Calcification>
</Calcifications>
	
