<?xml version="1.0"?>
<Calcifications xmlns:xsi="http://www.w3.org/2001/XMLSchema-instance" xsi:noNamespaceSchemaLocation="file:///CalcificationDB.xsd">
	<Calcification>
		<ClusterName>AALa1p1</ClusterName>
		<BinaryDataRecord>
			<Displacement>28753920</Displacement>
			<Size>1105920</Size>
		</BinaryDataRecord>
		<VoxelSize>
			<SizeX>0.02</SizeX>
			<SizeY>0.02</SizeY>
			<SizeZ>0.02</SizeZ>
		</VoxelSize>
		<Characteristics>
			<Malignancy> Benign </Malignancy>
			<Detail> "stromal fibrosis, ductal hyperplasia, w/ atypia, No Ca++" </Detail>
			<NumVoxels>13721</NumVoxels>
			<BB_Size>
			<SizeX>3.08</SizeX>
			<SizeY>2.04</SizeY>
			<SizeZ>2.24</SizeZ>
			</BB_Size>
			<BB_Count>
			<SizeX>154</SizeX>
			<SizeY>102</SizeY>
			<SizeZ>112</SizeZ>
			</BB_Count>
		</Characteristics>
	</Calcification>
</Calcifications>
	
