<?xml version="1.0"?>
<Calcifications xmlns:xsi="http://www.w3.org/2001/XMLSchema-instance" xsi:noNamespaceSchemaLocation="file:///CalcificationDB.xsd">
	<Calcification>
		<CalcName>ACO1p1_1</CalcName>
		<ClusterName>ACO1p1</ClusterName>
		<Position3D>
			<XPos>0.4591269</XPos>
			<YPos>0.7709764</YPos>
			<ZPos>0.8051183</ZPos>
		</Position3D>
		<BinaryDataRecord>
			<Displacement>0</Displacement>
			<Size>1105920</Size>
		</BinaryDataRecord>
		<VoxelCount>
			<CountX>100</CountX>
			<CountY>100</CountY>
			<CountZ>100</CountZ>
		</VoxelCount>
		<VoxelSize>
			<SizeX>0.02</SizeX>
			<SizeY>0.02</SizeY>
			<SizeZ>0.02</SizeZ>
		</VoxelSize>
		<Characteristics>
			<NumVoxels>17983</NumVoxels>
			<Volume units="cc">0.143864</Volume>
			<SurfaceArea units="cm sq.">0.0</SurfaceArea>
			<Radius units="cm">0.39</Radius>
			<Directionality>1.81733</Directionality>
			<Eccentricity>0.0</Eccentricity>
			<Shape>0.0</Shape>
			<BB_Size>
			<SizeX>0.78</SizeX>
			<SizeY>0.58</SizeY>
			<SizeZ>0.76</SizeZ>
			</BB_Size>
			<BB_Count>
			<SizeX>39</SizeX>
			<SizeY>29</SizeY>
			<SizeZ>38</SizeZ>
			</BB_Count>
		</Characteristics>
	</Calcification>
</Calcifications>
	
