<?xml version="1.0"?>
<Calcifications xmlns:xsi="http://www.w3.org/2001/XMLSchema-instance" xsi:noNamespaceSchemaLocation="file:///CalcificationDB.xsd">
	<Calcification>
		<CalcName>AAY1p1_1</CalcName>
		<ClusterName>AAY1p1</ClusterName>
		<Position3D>
			<XPos>2.5003352</XPos>
			<YPos>1.6337507</YPos>
			<ZPos>0.7088435</ZPos>
		</Position3D>
		<BinaryDataRecord>
			<Displacement>0</Displacement>
			<Size>1105920</Size>
		</BinaryDataRecord>
		<VoxelCount>
			<CountX>100</CountX>
			<CountY>100</CountY>
			<CountZ>100</CountZ>
		</VoxelCount>
		<VoxelSize>
			<SizeX>0.02</SizeX>
			<SizeY>0.02</SizeY>
			<SizeZ>0.02</SizeZ>
		</VoxelSize>
		<Characteristics>
			<NumVoxels>9919</NumVoxels>
			<Volume units="cc">0.079352</Volume>
			<SurfaceArea units="cm sq.">0.0</SurfaceArea>
			<Radius units="cm">0.31</Radius>
			<Directionality>1.78161</Directionality>
			<Eccentricity>0.0</Eccentricity>
			<Shape>0.0</Shape>
			<BB_Size>
			<SizeX>0.62</SizeX>
			<SizeY>0.58</SizeY>
			<SizeZ>0.62</SizeZ>
			</BB_Size>
			<BB_Count>
			<SizeX>31</SizeX>
			<SizeY>29</SizeY>
			<SizeZ>31</SizeZ>
			</BB_Count>
		</Characteristics>
	</Calcification>
</Calcifications>
	
