<?xml version="1.0"?>
<Calcifications xmlns:xsi="http://www.w3.org/2001/XMLSchema-instance" xsi:noNamespaceSchemaLocation="file:///CalcificationDB.xsd">
	<Calcification>
		<CalcName>ADO1p1_3</CalcName>
		<ClusterName>ADO1p1</ClusterName>
		<Position3D>
			<XPos>2.7389786</XPos>
			<YPos>3.0479882</YPos>
			<ZPos>3.5907314</ZPos>
		</Position3D>
		<BinaryDataRecord>
			<Displacement>2211840</Displacement>
			<Size>1105920</Size>
		</BinaryDataRecord>
		<VoxelCount>
			<CountX>100</CountX>
			<CountY>100</CountY>
			<CountZ>100</CountZ>
		</VoxelCount>
		<VoxelSize>
			<SizeX>0.02</SizeX>
			<SizeY>0.02</SizeY>
			<SizeZ>0.02</SizeZ>
		</VoxelSize>
		<Characteristics>
			<NumVoxels>39</NumVoxels>
			<Volume units="cc">3.12E-4</Volume>
			<SurfaceArea units="cm sq.">0.0</SurfaceArea>
			<Radius units="cm">0.09</Radius>
			<Directionality>15.0</Directionality>
			<Eccentricity>0.0</Eccentricity>
			<Shape>0.0</Shape>
			<BB_Size>
			<SizeX>0.18</SizeX>
			<SizeY>0.12</SizeY>
			<SizeZ>0.12</SizeZ>
			</BB_Size>
			<BB_Count>
			<SizeX>9</SizeX>
			<SizeY>6</SizeY>
			<SizeZ>6</SizeZ>
			</BB_Count>
		</Characteristics>
	</Calcification>
</Calcifications>
	
