<?xml version="1.0"?>
<Calcifications xmlns:xsi="http://www.w3.org/2001/XMLSchema-instance" xsi:noNamespaceSchemaLocation="file:///CalcificationDB.xsd">
	<Calcification>
		<ClusterName>AAW1p1</ClusterName>
		<BinaryDataRecord>
			<Displacement>23224320</Displacement>
			<Size>1105920</Size>
		</BinaryDataRecord>
		<VoxelSize>
			<SizeX>0.02</SizeX>
			<SizeY>0.02</SizeY>
			<SizeZ>0.02</SizeZ>
		</VoxelSize>
		<Characteristics>
			<Malignancy> Benign </Malignancy>
			<Detail> "stromal fibrosis, ductal hyperplasia, w/ atypia, No Ca++" </Detail>
			<NumVoxels>5995</NumVoxels>
			<BB_Size>
			<SizeX>1.34</SizeX>
			<SizeY>1.86</SizeY>
			<SizeZ>0.7000000000000001</SizeZ>
			</BB_Size>
			<BB_Count>
			<SizeX>67</SizeX>
			<SizeY>93</SizeY>
			<SizeZ>35</SizeZ>
			</BB_Count>
		</Characteristics>
	</Calcification>
</Calcifications>
	
