<?xml version="1.0"?>
<Calcifications xmlns:xsi="http://www.w3.org/2001/XMLSchema-instance" xsi:noNamespaceSchemaLocation="file:///CalcificationDB.xsd">
	<Calcification>
		<ClusterName>ACP1p1</ClusterName>
		<BinaryDataRecord>
			<Displacement>6635520</Displacement>
			<Size>1105920</Size>
		</BinaryDataRecord>
		<VoxelSize>
			<SizeX>0.02</SizeX>
			<SizeY>0.02</SizeY>
			<SizeZ>0.02</SizeZ>
		</VoxelSize>
		<Characteristics>
			<Malignancy> Benign </Malignancy>
			<Detail> "stromal fibrosis, ductal hyperplasia, w/ atypia, No Ca++" </Detail>
			<NumVoxels>8588</NumVoxels>
			<BB_Size>
			<SizeX>1.54</SizeX>
			<SizeY>1.28</SizeY>
			<SizeZ>1.34</SizeZ>
			</BB_Size>
			<BB_Count>
			<SizeX>77</SizeX>
			<SizeY>64</SizeY>
			<SizeZ>67</SizeZ>
			</BB_Count>
		</Characteristics>
	</Calcification>
</Calcifications>
	
