<?xml version="1.0"?>
<Calcifications xmlns:xsi="http://www.w3.org/2001/XMLSchema-instance" xsi:noNamespaceSchemaLocation="file:///CalcificationDB.xsd">
	<Calcification>
		<CalcName>AEJb1p1_10</CalcName>
		<ClusterName>AEJb1p1</ClusterName>
		<Position3D>
			<XPos>2.7359309</XPos>
			<YPos>2.0219116</YPos>
			<ZPos>5.2431984</ZPos>
		</Position3D>
		<BinaryDataRecord>
			<Displacement>9953280</Displacement>
			<Size>1105920</Size>
		</BinaryDataRecord>
		<VoxelCount>
			<CountX>100</CountX>
			<CountY>100</CountY>
			<CountZ>100</CountZ>
		</VoxelCount>
		<VoxelSize>
			<SizeX>0.02</SizeX>
			<SizeY>0.02</SizeY>
			<SizeZ>0.02</SizeZ>
		</VoxelSize>
		<Characteristics>
			<NumVoxels>140</NumVoxels>
			<Volume units="cc">0.00112</Volume>
			<SurfaceArea units="cm sq.">0.0</SurfaceArea>
			<Radius units="cm">0.08</Radius>
			<Directionality>8.16327</Directionality>
			<Eccentricity>0.0</Eccentricity>
			<Shape>0.0</Shape>
			<BB_Size>
			<SizeX>0.16</SizeX>
			<SizeY>0.14</SizeY>
			<SizeZ>0.16</SizeZ>
			</BB_Size>
			<BB_Count>
			<SizeX>8</SizeX>
			<SizeY>7</SizeY>
			<SizeZ>8</SizeZ>
			</BB_Count>
		</Characteristics>
	</Calcification>
</Calcifications>
	
