<?xml version="1.0"?>
<Calcifications xmlns:xsi="http://www.w3.org/2001/XMLSchema-instance" xsi:noNamespaceSchemaLocation="file:///CalcificationDB.xsd">
	<Calcification>
		<ClusterName>AET1p1</ClusterName>
		<BinaryDataRecord>
			<Displacement>2211840</Displacement>
			<Size>1105920</Size>
		</BinaryDataRecord>
		<VoxelSize>
			<SizeX>0.02</SizeX>
			<SizeY>0.02</SizeY>
			<SizeZ>0.02</SizeZ>
		</VoxelSize>
		<Characteristics>
			<Malignancy> Benign </Malignancy>
			<Detail> "stromal fibrosis, ductal hyperplasia, w/ atypia, No Ca++" </Detail>
			<NumVoxels>51</NumVoxels>
			<BB_Size>
			<SizeX>0.86</SizeX>
			<SizeY>1.04</SizeY>
			<SizeZ>0.56</SizeZ>
			</BB_Size>
			<BB_Count>
			<SizeX>43</SizeX>
			<SizeY>52</SizeY>
			<SizeZ>28</SizeZ>
			</BB_Count>
		</Characteristics>
	</Calcification>
</Calcifications>
	
