<?xml version="1.0"?>
<Calcifications xmlns:xsi="http://www.w3.org/2001/XMLSchema-instance" xsi:noNamespaceSchemaLocation="file:///CalcificationDB.xsd">
	<Calcification>
		<CalcName>AEU1p1_1</CalcName>
		<ClusterName>AEU1p1</ClusterName>
		<Position3D>
			<XPos>2.4986458</XPos>
			<YPos>3.0670815</YPos>
			<ZPos>3.2849672</ZPos>
		</Position3D>
		<BinaryDataRecord>
			<Displacement>0</Displacement>
			<Size>1105920</Size>
		</BinaryDataRecord>
		<VoxelCount>
			<CountX>100</CountX>
			<CountY>100</CountY>
			<CountZ>100</CountZ>
		</VoxelCount>
		<VoxelSize>
			<SizeX>0.02</SizeX>
			<SizeY>0.02</SizeY>
			<SizeZ>0.02</SizeZ>
		</VoxelSize>
		<Characteristics>
			<NumVoxels>2211</NumVoxels>
			<Volume units="cc">0.017688</Volume>
			<SurfaceArea units="cm sq.">0.0</SurfaceArea>
			<Radius units="cm">0.36</Radius>
			<Directionality>1.81159</Directionality>
			<Eccentricity>0.0</Eccentricity>
			<Shape>0.0</Shape>
			<BB_Size>
			<SizeX>0.6</SizeX>
			<SizeY>0.72</SizeY>
			<SizeZ>0.48</SizeZ>
			</BB_Size>
			<BB_Count>
			<SizeX>30</SizeX>
			<SizeY>36</SizeY>
			<SizeZ>24</SizeZ>
			</BB_Count>
		</Characteristics>
	</Calcification>
</Calcifications>
	
