<?xml version="1.0"?>
<Calcifications xmlns:xsi="http://www.w3.org/2001/XMLSchema-instance" xsi:noNamespaceSchemaLocation="file:///CalcificationDB.xsd">
	<Calcification>
		<CalcName>AAY1p1_13</CalcName>
		<ClusterName>AAY1p1</ClusterName>
		<Position3D>
			<XPos>3.0596688</XPos>
			<YPos>2.5111578</YPos>
			<ZPos>0.8138563</ZPos>
		</Position3D>
		<BinaryDataRecord>
			<Displacement>13271040</Displacement>
			<Size>1105920</Size>
		</BinaryDataRecord>
		<VoxelCount>
			<CountX>100</CountX>
			<CountY>100</CountY>
			<CountZ>100</CountZ>
		</VoxelCount>
		<VoxelSize>
			<SizeX>0.02</SizeX>
			<SizeY>0.02</SizeY>
			<SizeZ>0.02</SizeZ>
		</VoxelSize>
		<Characteristics>
			<NumVoxels>833</NumVoxels>
			<Volume units="cc">0.006664</Volume>
			<SurfaceArea units="cm sq.">0.0</SurfaceArea>
			<Radius units="cm">0.39</Radius>
			<Directionality>3.9</Directionality>
			<Eccentricity>0.0</Eccentricity>
			<Shape>0.0</Shape>
			<BB_Size>
			<SizeX>0.78</SizeX>
			<SizeY>0.5</SizeY>
			<SizeZ>0.42</SizeZ>
			</BB_Size>
			<BB_Count>
			<SizeX>39</SizeX>
			<SizeY>25</SizeY>
			<SizeZ>21</SizeZ>
			</BB_Count>
		</Characteristics>
	</Calcification>
</Calcifications>
	
