<?xml version="1.0"?>
<Calcifications xmlns:xsi="http://www.w3.org/2001/XMLSchema-instance" xsi:noNamespaceSchemaLocation="file:///CalcificationDB.xsd">
	<Calcification>
		<CalcName>AAW1p1_14</CalcName>
		<ClusterName>AAW1p1</ClusterName>
		<Position3D>
			<XPos>2.4076145</XPos>
			<YPos>0.9652891</YPos>
			<ZPos>0.5418782</ZPos>
		</Position3D>
		<BinaryDataRecord>
			<Displacement>14376960</Displacement>
			<Size>1105920</Size>
		</BinaryDataRecord>
		<VoxelCount>
			<CountX>100</CountX>
			<CountY>100</CountY>
			<CountZ>100</CountZ>
		</VoxelCount>
		<VoxelSize>
			<SizeX>0.02</SizeX>
			<SizeY>0.02</SizeY>
			<SizeZ>0.02</SizeZ>
		</VoxelSize>
		<Characteristics>
			<NumVoxels>1183</NumVoxels>
			<Volume units="cc">0.009464</Volume>
			<SurfaceArea units="cm sq.">0.0</SurfaceArea>
			<Radius units="cm">0.2</Radius>
			<Directionality>4.54545</Directionality>
			<Eccentricity>0.0</Eccentricity>
			<Shape>0.0</Shape>
			<BB_Size>
			<SizeX>0.4</SizeX>
			<SizeY>0.22</SizeY>
			<SizeZ>0.42</SizeZ>
			</BB_Size>
			<BB_Count>
			<SizeX>20</SizeX>
			<SizeY>11</SizeY>
			<SizeZ>21</SizeZ>
			</BB_Count>
		</Characteristics>
	</Calcification>
</Calcifications>
	
