<?xml version="1.0"?>
<Calcifications xmlns:xsi="http://www.w3.org/2001/XMLSchema-instance" xsi:noNamespaceSchemaLocation="file:///CalcificationDB.xsd">
	<Calcification>
		<CalcName>AEI1p1_3</CalcName>
		<ClusterName>AEI1p1</ClusterName>
		<Position3D>
			<XPos>3.2479529</XPos>
			<YPos>3.918792</YPos>
			<ZPos>3.8935215</ZPos>
		</Position3D>
		<BinaryDataRecord>
			<Displacement>2211840</Displacement>
			<Size>1105920</Size>
		</BinaryDataRecord>
		<VoxelCount>
			<CountX>100</CountX>
			<CountY>100</CountY>
			<CountZ>100</CountZ>
		</VoxelCount>
		<VoxelSize>
			<SizeX>0.02</SizeX>
			<SizeY>0.02</SizeY>
			<SizeZ>0.02</SizeZ>
		</VoxelSize>
		<Characteristics>
			<NumVoxels>37</NumVoxels>
			<Volume units="cc">2.96E-4</Volume>
			<SurfaceArea units="cm sq.">0.0</SurfaceArea>
			<Radius units="cm">0.13</Radius>
			<Directionality>15.4762</Directionality>
			<Eccentricity>0.0</Eccentricity>
			<Shape>0.0</Shape>
			<BB_Size>
			<SizeX>0.26</SizeX>
			<SizeY>0.14</SizeY>
			<SizeZ>0.14</SizeZ>
			</BB_Size>
			<BB_Count>
			<SizeX>13</SizeX>
			<SizeY>7</SizeY>
			<SizeZ>7</SizeZ>
			</BB_Count>
		</Characteristics>
	</Calcification>
</Calcifications>
	
