<?xml version="1.0"?>
<Calcifications xmlns:xsi="http://www.w3.org/2001/XMLSchema-instance" xsi:noNamespaceSchemaLocation="file:///CalcificationDB.xsd">
	<Calcification>
		<CalcName>AEJb1p1_20</CalcName>
		<ClusterName>AEJb1p1</ClusterName>
		<Position3D>
			<XPos>3.2242141</XPos>
			<YPos>4.1447325</YPos>
			<ZPos>5.4096746</ZPos>
		</Position3D>
		<BinaryDataRecord>
			<Displacement>21012480</Displacement>
			<Size>1105920</Size>
		</BinaryDataRecord>
		<VoxelCount>
			<CountX>100</CountX>
			<CountY>100</CountY>
			<CountZ>100</CountZ>
		</VoxelCount>
		<VoxelSize>
			<SizeX>0.02</SizeX>
			<SizeY>0.02</SizeY>
			<SizeZ>0.02</SizeZ>
		</VoxelSize>
		<Characteristics>
			<NumVoxels>228</NumVoxels>
			<Volume units="cc">0.001824</Volume>
			<SurfaceArea units="cm sq.">0.0</SurfaceArea>
			<Radius units="cm">0.13</Radius>
			<Directionality>10.8333</Directionality>
			<Eccentricity>0.0</Eccentricity>
			<Shape>0.0</Shape>
			<BB_Size>
			<SizeX>0.26</SizeX>
			<SizeY>0.12</SizeY>
			<SizeZ>0.22</SizeZ>
			</BB_Size>
			<BB_Count>
			<SizeX>13</SizeX>
			<SizeY>6</SizeY>
			<SizeZ>11</SizeZ>
			</BB_Count>
		</Characteristics>
	</Calcification>
</Calcifications>
	
