<?xml version="1.0"?>
<Calcifications xmlns:xsi="http://www.w3.org/2001/XMLSchema-instance" xsi:noNamespaceSchemaLocation="file:///CalcificationDB.xsd">
	<Calcification>
		<ClusterName>ADCb1p1</ClusterName>
		<BinaryDataRecord>
			<Displacement>7741440</Displacement>
			<Size>1105920</Size>
		</BinaryDataRecord>
		<VoxelSize>
			<SizeX>0.02</SizeX>
			<SizeY>0.02</SizeY>
			<SizeZ>0.02</SizeZ>
		</VoxelSize>
		<Characteristics>
			<Malignancy> Benign </Malignancy>
			<Detail> "stromal fibrosis, ductal hyperplasia, w/ atypia, No Ca++" </Detail>
			<NumVoxels>218</NumVoxels>
			<BB_Size>
			<SizeX>2.8000000000000003</SizeX>
			<SizeY>0.52</SizeY>
			<SizeZ>4.1</SizeZ>
			</BB_Size>
			<BB_Count>
			<SizeX>140</SizeX>
			<SizeY>26</SizeY>
			<SizeZ>205</SizeZ>
			</BB_Count>
		</Characteristics>
	</Calcification>
</Calcifications>
	
