<?xml version="1.0"?>
<Calcifications xmlns:xsi="http://www.w3.org/2001/XMLSchema-instance" xsi:noNamespaceSchemaLocation="file:///CalcificationDB.xsd">
	<Calcification>
		<ClusterName>ABY1p1</ClusterName>
		<BinaryDataRecord>
			<Displacement>14376960</Displacement>
			<Size>1105920</Size>
		</BinaryDataRecord>
		<VoxelSize>
			<SizeX>0.02</SizeX>
			<SizeY>0.02</SizeY>
			<SizeZ>0.02</SizeZ>
		</VoxelSize>
		<Characteristics>
			<Malignancy> Benign </Malignancy>
			<Detail> "stromal fibrosis, ductal hyperplasia, w/ atypia, No Ca++" </Detail>
			<NumVoxels>4349</NumVoxels>
			<BB_Size>
			<SizeX>1.2</SizeX>
			<SizeY>2.54</SizeY>
			<SizeZ>2.3000000000000003</SizeZ>
			</BB_Size>
			<BB_Count>
			<SizeX>60</SizeX>
			<SizeY>127</SizeY>
			<SizeZ>115</SizeZ>
			</BB_Count>
		</Characteristics>
	</Calcification>
</Calcifications>
	
