<?xml version="1.0"?>
<Calcifications xmlns:xsi="http://www.w3.org/2001/XMLSchema-instance" xsi:noNamespaceSchemaLocation="file:///CalcificationDB.xsd">
	<Calcification>
		<CalcName>AELb1p1_2</CalcName>
		<ClusterName>AELb1p1</ClusterName>
		<Position3D>
			<XPos>1.2562163</XPos>
			<YPos>3.4787204</YPos>
			<ZPos>3.7743516</ZPos>
		</Position3D>
		<BinaryDataRecord>
			<Displacement>1105920</Displacement>
			<Size>1105920</Size>
		</BinaryDataRecord>
		<VoxelCount>
			<CountX>100</CountX>
			<CountY>100</CountY>
			<CountZ>100</CountZ>
		</VoxelCount>
		<VoxelSize>
			<SizeX>0.02</SizeX>
			<SizeY>0.02</SizeY>
			<SizeZ>0.02</SizeZ>
		</VoxelSize>
		<Characteristics>
			<NumVoxels>1912</NumVoxels>
			<Volume units="cc">0.015296</Volume>
			<SurfaceArea units="cm sq.">0.0</SurfaceArea>
			<Radius units="cm">0.34</Radius>
			<Directionality>1.80995</Directionality>
			<Eccentricity>0.0</Eccentricity>
			<Shape>0.0</Shape>
			<BB_Size>
			<SizeX>0.32</SizeX>
			<SizeY>0.68</SizeY>
			<SizeZ>0.28</SizeZ>
			</BB_Size>
			<BB_Count>
			<SizeX>16</SizeX>
			<SizeY>34</SizeY>
			<SizeZ>14</SizeZ>
			</BB_Count>
		</Characteristics>
	</Calcification>
</Calcifications>
	
