<?xml version="1.0"?>
<Calcifications xmlns:xsi="http://www.w3.org/2001/XMLSchema-instance" xsi:noNamespaceSchemaLocation="file:///CalcificationDB.xsd">
	<Calcification>
		<ClusterName>AAE1p1</ClusterName>
		<BinaryDataRecord>
			<Displacement>6635520</Displacement>
			<Size>1105920</Size>
		</BinaryDataRecord>
		<VoxelSize>
			<SizeX>0.02</SizeX>
			<SizeY>0.02</SizeY>
			<SizeZ>0.02</SizeZ>
		</VoxelSize>
		<Characteristics>
			<Malignancy> Benign </Malignancy>
			<Detail> "stromal fibrosis, ductal hyperplasia, w/ atypia, No Ca++" </Detail>
			<NumVoxels>478</NumVoxels>
			<BB_Size>
			<SizeX>0.8</SizeX>
			<SizeY>0.68</SizeY>
			<SizeZ>0.4</SizeZ>
			</BB_Size>
			<BB_Count>
			<SizeX>40</SizeX>
			<SizeY>34</SizeY>
			<SizeZ>20</SizeZ>
			</BB_Count>
		</Characteristics>
	</Calcification>
</Calcifications>
	
