<?xml version="1.0"?>
<Calcifications xmlns:xsi="http://www.w3.org/2001/XMLSchema-instance" xsi:noNamespaceSchemaLocation="file:///CalcificationDB.xsd">
	<Calcification>
		<ClusterName>AAN1p1</ClusterName>
		<BinaryDataRecord>
			<Displacement>7741440</Displacement>
			<Size>1105920</Size>
		</BinaryDataRecord>
		<VoxelSize>
			<SizeX>0.02</SizeX>
			<SizeY>0.02</SizeY>
			<SizeZ>0.02</SizeZ>
		</VoxelSize>
		<Characteristics>
			<Malignancy> Benign </Malignancy>
			<Detail> "stromal fibrosis, ductal hyperplasia, w/ atypia, No Ca++" </Detail>
			<NumVoxels>2092</NumVoxels>
			<BB_Size>
			<SizeX>2.44</SizeX>
			<SizeY>3.08</SizeY>
			<SizeZ>0.78</SizeZ>
			</BB_Size>
			<BB_Count>
			<SizeX>122</SizeX>
			<SizeY>154</SizeY>
			<SizeZ>39</SizeZ>
			</BB_Count>
		</Characteristics>
	</Calcification>
</Calcifications>
	
