<?xml version="1.0"?>
<Calcifications xmlns:xsi="http://www.w3.org/2001/XMLSchema-instance" xsi:noNamespaceSchemaLocation="file:///CalcificationDB.xsd">
	<Calcification>
		<CalcName>AEO1p1_11</CalcName>
		<ClusterName>AEO1p1</ClusterName>
		<Position3D>
			<XPos>2.9658265</XPos>
			<YPos>2.1726563</YPos>
			<ZPos>4.6919055</ZPos>
		</Position3D>
		<BinaryDataRecord>
			<Displacement>11059200</Displacement>
			<Size>1105920</Size>
		</BinaryDataRecord>
		<VoxelCount>
			<CountX>100</CountX>
			<CountY>100</CountY>
			<CountZ>100</CountZ>
		</VoxelCount>
		<VoxelSize>
			<SizeX>0.02</SizeX>
			<SizeY>0.02</SizeY>
			<SizeZ>0.02</SizeZ>
		</VoxelSize>
		<Characteristics>
			<NumVoxels>4150</NumVoxels>
			<Volume units="cc">0.0332</Volume>
			<SurfaceArea units="cm sq.">0.0</SurfaceArea>
			<Radius units="cm">0.47</Radius>
			<Directionality>3.47633</Directionality>
			<Eccentricity>0.0</Eccentricity>
			<Shape>0.0</Shape>
			<BB_Size>
			<SizeX>0.9400000000000001</SizeX>
			<SizeY>0.52</SizeY>
			<SizeZ>0.54</SizeZ>
			</BB_Size>
			<BB_Count>
			<SizeX>47</SizeX>
			<SizeY>26</SizeY>
			<SizeZ>27</SizeZ>
			</BB_Count>
		</Characteristics>
	</Calcification>
</Calcifications>
	
