<?xml version="1.0"?>
<Calcifications xmlns:xsi="http://www.w3.org/2001/XMLSchema-instance" xsi:noNamespaceSchemaLocation="file:///CalcificationDB.xsd">
	<Calcification>
		<CalcName>AAO1p1_4</CalcName>
		<ClusterName>AAO1p1</ClusterName>
		<Position3D>
			<XPos>2.7905219</XPos>
			<YPos>0.6869222</YPos>
			<ZPos>0.6034911</ZPos>
		</Position3D>
		<BinaryDataRecord>
			<Displacement>3317760</Displacement>
			<Size>1105920</Size>
		</BinaryDataRecord>
		<VoxelCount>
			<CountX>100</CountX>
			<CountY>100</CountY>
			<CountZ>100</CountZ>
		</VoxelCount>
		<VoxelSize>
			<SizeX>0.02</SizeX>
			<SizeY>0.02</SizeY>
			<SizeZ>0.02</SizeZ>
		</VoxelSize>
		<Characteristics>
			<NumVoxels>389</NumVoxels>
			<Volume units="cc">0.003112</Volume>
			<SurfaceArea units="cm sq.">0.0</SurfaceArea>
			<Radius units="cm">0.22</Radius>
			<Directionality>7.48299</Directionality>
			<Eccentricity>0.0</Eccentricity>
			<Shape>0.0</Shape>
			<BB_Size>
			<SizeX>0.44</SizeX>
			<SizeY>0.14</SizeY>
			<SizeZ>0.44</SizeZ>
			</BB_Size>
			<BB_Count>
			<SizeX>22</SizeX>
			<SizeY>7</SizeY>
			<SizeZ>22</SizeZ>
			</BB_Count>
		</Characteristics>
	</Calcification>
</Calcifications>
	
