<?xml version="1.0"?>
<Calcifications xmlns:xsi="http://www.w3.org/2001/XMLSchema-instance" xsi:noNamespaceSchemaLocation="file:///CalcificationDB.xsd">
	<Calcification>
		<CalcName>AEJb1p1_11</CalcName>
		<ClusterName>AEJb1p1</ClusterName>
		<Position3D>
			<XPos>2.9431286</XPos>
			<YPos>2.0171137</YPos>
			<ZPos>5.0223503</ZPos>
		</Position3D>
		<BinaryDataRecord>
			<Displacement>11059200</Displacement>
			<Size>1105920</Size>
		</BinaryDataRecord>
		<VoxelCount>
			<CountX>100</CountX>
			<CountY>100</CountY>
			<CountZ>100</CountZ>
		</VoxelCount>
		<VoxelSize>
			<SizeX>0.02</SizeX>
			<SizeY>0.02</SizeY>
			<SizeZ>0.02</SizeZ>
		</VoxelSize>
		<Characteristics>
			<NumVoxels>528</NumVoxels>
			<Volume units="cc">0.004224</Volume>
			<SurfaceArea units="cm sq.">0.0</SurfaceArea>
			<Radius units="cm">0.17</Radius>
			<Directionality>5.90278</Directionality>
			<Eccentricity>0.0</Eccentricity>
			<Shape>0.0</Shape>
			<BB_Size>
			<SizeX>0.34</SizeX>
			<SizeY>0.18</SizeY>
			<SizeZ>0.34</SizeZ>
			</BB_Size>
			<BB_Count>
			<SizeX>17</SizeX>
			<SizeY>9</SizeY>
			<SizeZ>17</SizeZ>
			</BB_Count>
		</Characteristics>
	</Calcification>
</Calcifications>
	
