<?xml version="1.0"?>
<Calcifications xmlns:xsi="http://www.w3.org/2001/XMLSchema-instance" xsi:noNamespaceSchemaLocation="file:///CalcificationDB.xsd">
	<Calcification>
		<CalcName>AAD1p1_6</CalcName>
		<ClusterName>AAD1p1</ClusterName>
		<Position3D>
			<XPos>2.0948877</XPos>
			<YPos>2.1341105</YPos>
			<ZPos>0.8051181</ZPos>
		</Position3D>
		<BinaryDataRecord>
			<Displacement>5529600</Displacement>
			<Size>1105920</Size>
		</BinaryDataRecord>
		<VoxelCount>
			<CountX>100</CountX>
			<CountY>100</CountY>
			<CountZ>100</CountZ>
		</VoxelCount>
		<VoxelSize>
			<SizeX>0.02</SizeX>
			<SizeY>0.02</SizeY>
			<SizeZ>0.02</SizeZ>
		</VoxelSize>
		<Characteristics>
			<NumVoxels>205</NumVoxels>
			<Volume units="cc">0.00164</Volume>
			<SurfaceArea units="cm sq.">0.0</SurfaceArea>
			<Radius units="cm">0.11</Radius>
			<Directionality>11.0</Directionality>
			<Eccentricity>0.0</Eccentricity>
			<Shape>0.0</Shape>
			<BB_Size>
			<SizeX>0.22</SizeX>
			<SizeY>0.1</SizeY>
			<SizeZ>0.22</SizeZ>
			</BB_Size>
			<BB_Count>
			<SizeX>11</SizeX>
			<SizeY>5</SizeY>
			<SizeZ>11</SizeZ>
			</BB_Count>
		</Characteristics>
	</Calcification>
</Calcifications>
	
