<?xml version="1.0"?>
<Calcifications xmlns:xsi="http://www.w3.org/2001/XMLSchema-instance" xsi:noNamespaceSchemaLocation="file:///CalcificationDB.xsd">
	<Calcification>
		<CalcName>ACW1p1_7</CalcName>
		<ClusterName>ACW1p1</ClusterName>
		<Position3D>
			<XPos>2.661139</XPos>
			<YPos>2.0926178</YPos>
			<ZPos>4.4825773</ZPos>
		</Position3D>
		<BinaryDataRecord>
			<Displacement>6635520</Displacement>
			<Size>1105920</Size>
		</BinaryDataRecord>
		<VoxelCount>
			<CountX>100</CountX>
			<CountY>100</CountY>
			<CountZ>100</CountZ>
		</VoxelCount>
		<VoxelSize>
			<SizeX>0.02</SizeX>
			<SizeY>0.02</SizeY>
			<SizeZ>0.02</SizeZ>
		</VoxelSize>
		<Characteristics>
			<NumVoxels>350</NumVoxels>
			<Volume units="cc">0.0028</Volume>
			<SurfaceArea units="cm sq.">0.0</SurfaceArea>
			<Radius units="cm">0.13</Radius>
			<Directionality>5.55556</Directionality>
			<Eccentricity>0.0</Eccentricity>
			<Shape>0.0</Shape>
			<BB_Size>
			<SizeX>0.26</SizeX>
			<SizeY>0.18</SizeY>
			<SizeZ>0.28</SizeZ>
			</BB_Size>
			<BB_Count>
			<SizeX>13</SizeX>
			<SizeY>9</SizeY>
			<SizeZ>14</SizeZ>
			</BB_Count>
		</Characteristics>
	</Calcification>
</Calcifications>
	
