<?xml version="1.0"?>
<Calcifications xmlns:xsi="http://www.w3.org/2001/XMLSchema-instance" xsi:noNamespaceSchemaLocation="file:///CalcificationDB.xsd">
	<Calcification>
		<ClusterName>AAB1p1</ClusterName>
		<BinaryDataRecord>
			<Displacement>69672960</Displacement>
			<Size>1105920</Size>
		</BinaryDataRecord>
		<VoxelSize>
			<SizeX>0.02</SizeX>
			<SizeY>0.02</SizeY>
			<SizeZ>0.02</SizeZ>
		</VoxelSize>
		<Characteristics>
			<Malignancy> Benign </Malignancy>
			<Detail> "stromal fibrosis, ductal hyperplasia, w/ atypia, No Ca++" </Detail>
			<NumVoxels>3443</NumVoxels>
			<BB_Size>
			<SizeX>3.8000000000000003</SizeX>
			<SizeY>2.7</SizeY>
			<SizeZ>0.8</SizeZ>
			</BB_Size>
			<BB_Count>
			<SizeX>190</SizeX>
			<SizeY>135</SizeY>
			<SizeZ>40</SizeZ>
			</BB_Count>
		</Characteristics>
	</Calcification>
</Calcifications>
	
