<?xml version="1.0"?>
<Calcifications xmlns:xsi="http://www.w3.org/2001/XMLSchema-instance" xsi:noNamespaceSchemaLocation="file:///CalcificationDB.xsd">
	<Calcification>
		<CalcName>ADG1p1_4</CalcName>
		<ClusterName>ADG1p1</ClusterName>
		<Position3D>
			<XPos>2.7174225</XPos>
			<YPos>2.1464479</YPos>
			<ZPos>3.3172948</ZPos>
		</Position3D>
		<BinaryDataRecord>
			<Displacement>3317760</Displacement>
			<Size>1105920</Size>
		</BinaryDataRecord>
		<VoxelCount>
			<CountX>100</CountX>
			<CountY>100</CountY>
			<CountZ>100</CountZ>
		</VoxelCount>
		<VoxelSize>
			<SizeX>0.02</SizeX>
			<SizeY>0.02</SizeY>
			<SizeZ>0.02</SizeZ>
		</VoxelSize>
		<Characteristics>
			<NumVoxels>324</NumVoxels>
			<Volume units="cc">0.0</Volume>
			<SurfaceArea units="cm sq.">0.0</SurfaceArea>
			<Radius units="cm">0.0</Radius>
			<Directionality>0.0</Directionality>
			<Eccentricity>0.0</Eccentricity>
			<Shape>0.0</Shape>
			<BB_Size>
			<SizeX>0.22</SizeX>
			<SizeY>0.18</SizeY>
			<SizeZ>0.22</SizeZ>
			</BB_Size>
			<BB_Count>
			<SizeX>11</SizeX>
			<SizeY>9</SizeY>
			<SizeZ>11</SizeZ>
			</BB_Count>
		</Characteristics>
	</Calcification>
</Calcifications>
	
