<?xml version="1.0"?>
<Calcifications xmlns:xsi="http://www.w3.org/2001/XMLSchema-instance" xsi:noNamespaceSchemaLocation="file:///CalcificationDB.xsd">
	<Calcification>
		<ClusterName>ABL1p1</ClusterName>
		<BinaryDataRecord>
			<Displacement>19906560</Displacement>
			<Size>1105920</Size>
		</BinaryDataRecord>
		<VoxelSize>
			<SizeX>0.02</SizeX>
			<SizeY>0.02</SizeY>
			<SizeZ>0.02</SizeZ>
		</VoxelSize>
		<Characteristics>
			<Malignancy> Benign </Malignancy>
			<Detail> "stromal fibrosis, ductal hyperplasia, w/ atypia, No Ca++" </Detail>
			<NumVoxels>478</NumVoxels>
			<BB_Size>
			<SizeX>2.0</SizeX>
			<SizeY>2.48</SizeY>
			<SizeZ>2.06</SizeZ>
			</BB_Size>
			<BB_Count>
			<SizeX>100</SizeX>
			<SizeY>124</SizeY>
			<SizeZ>103</SizeZ>
			</BB_Count>
		</Characteristics>
	</Calcification>
</Calcifications>
	
