<?xml version="1.0"?>
<Calcifications xmlns:xsi="http://www.w3.org/2001/XMLSchema-instance" xsi:noNamespaceSchemaLocation="file:///CalcificationDB.xsd">
	<Calcification>
		<CalcName>ABY1p1_3</CalcName>
		<ClusterName>ABY1p1</ClusterName>
		<Position3D>
			<XPos>1.4230609</XPos>
			<YPos>4.1607237</YPos>
			<ZPos>4.5447493</ZPos>
		</Position3D>
		<BinaryDataRecord>
			<Displacement>2211840</Displacement>
			<Size>1105920</Size>
		</BinaryDataRecord>
		<VoxelCount>
			<CountX>100</CountX>
			<CountY>100</CountY>
			<CountZ>100</CountZ>
		</VoxelCount>
		<VoxelSize>
			<SizeX>0.02</SizeX>
			<SizeY>0.02</SizeY>
			<SizeZ>0.02</SizeZ>
		</VoxelSize>
		<Characteristics>
			<NumVoxels>2534</NumVoxels>
			<Volume units="cc">0.020272</Volume>
			<SurfaceArea units="cm sq.">0.0</SurfaceArea>
			<Radius units="cm">0.24</Radius>
			<Directionality>3.50877</Directionality>
			<Eccentricity>0.0</Eccentricity>
			<Shape>0.0</Shape>
			<BB_Size>
			<SizeX>0.48</SizeX>
			<SizeY>0.38</SizeY>
			<SizeZ>0.38</SizeZ>
			</BB_Size>
			<BB_Count>
			<SizeX>24</SizeX>
			<SizeY>19</SizeY>
			<SizeZ>19</SizeZ>
			</BB_Count>
		</Characteristics>
	</Calcification>
</Calcifications>
	
