<?xml version="1.0"?>
<Calcifications xmlns:xsi="http://www.w3.org/2001/XMLSchema-instance" xsi:noNamespaceSchemaLocation="file:///CalcificationDB.xsd">
	<Calcification>
		<CalcName>AEE1p1_5</CalcName>
		<ClusterName>AEE1p1</ClusterName>
		<Position3D>
			<XPos>2.325592</XPos>
			<YPos>2.2777345</YPos>
			<ZPos>2.3077211</ZPos>
		</Position3D>
		<BinaryDataRecord>
			<Displacement>4423680</Displacement>
			<Size>1105920</Size>
		</BinaryDataRecord>
		<VoxelCount>
			<CountX>100</CountX>
			<CountY>100</CountY>
			<CountZ>100</CountZ>
		</VoxelCount>
		<VoxelSize>
			<SizeX>0.02</SizeX>
			<SizeY>0.02</SizeY>
			<SizeZ>0.02</SizeZ>
		</VoxelSize>
		<Characteristics>
			<NumVoxels>215</NumVoxels>
			<Volume units="cc">0.00172</Volume>
			<SurfaceArea units="cm sq.">0.0</SurfaceArea>
			<Radius units="cm">0.14</Radius>
			<Directionality>14.0</Directionality>
			<Eccentricity>0.0</Eccentricity>
			<Shape>0.0</Shape>
			<BB_Size>
			<SizeX>0.28</SizeX>
			<SizeY>0.1</SizeY>
			<SizeZ>0.22</SizeZ>
			</BB_Size>
			<BB_Count>
			<SizeX>14</SizeX>
			<SizeY>5</SizeY>
			<SizeZ>11</SizeZ>
			</BB_Count>
		</Characteristics>
	</Calcification>
</Calcifications>
	
