<?xml version="1.0"?>
<Calcifications xmlns:xsi="http://www.w3.org/2001/XMLSchema-instance" xsi:noNamespaceSchemaLocation="file:///CalcificationDB.xsd">
	<Calcification>
		<CalcName>ACW1p1_4</CalcName>
		<ClusterName>ACW1p1</ClusterName>
		<Position3D>
			<XPos>1.0323561</XPos>
			<YPos>1.4853919</YPos>
			<ZPos>3.0821645</ZPos>
		</Position3D>
		<BinaryDataRecord>
			<Displacement>3317760</Displacement>
			<Size>1105920</Size>
		</BinaryDataRecord>
		<VoxelCount>
			<CountX>100</CountX>
			<CountY>100</CountY>
			<CountZ>100</CountZ>
		</VoxelCount>
		<VoxelSize>
			<SizeX>0.02</SizeX>
			<SizeY>0.02</SizeY>
			<SizeZ>0.02</SizeZ>
		</VoxelSize>
		<Characteristics>
			<NumVoxels>18708</NumVoxels>
			<Volume units="cc">0.0</Volume>
			<SurfaceArea units="cm sq.">0.0</SurfaceArea>
			<Radius units="cm">0.0</Radius>
			<Directionality>0.0</Directionality>
			<Eccentricity>0.0</Eccentricity>
			<Shape>0.0</Shape>
			<BB_Size>
			<SizeX>0.6</SizeX>
			<SizeY>0.84</SizeY>
			<SizeZ>0.6</SizeZ>
			</BB_Size>
			<BB_Count>
			<SizeX>30</SizeX>
			<SizeY>42</SizeY>
			<SizeZ>30</SizeZ>
			</BB_Count>
		</Characteristics>
	</Calcification>
</Calcifications>
	
