<?xml version="1.0"?>
<Calcifications xmlns:xsi="http://www.w3.org/2001/XMLSchema-instance" xsi:noNamespaceSchemaLocation="file:///CalcificationDB.xsd">
	<Calcification>
		<CalcName>ACK1p1_3</CalcName>
		<ClusterName>ACK1p1</ClusterName>
		<Position3D>
			<XPos>2.7094715</XPos>
			<YPos>3.6485975</YPos>
			<ZPos>1.8625858</ZPos>
		</Position3D>
		<BinaryDataRecord>
			<Displacement>2211840</Displacement>
			<Size>1105920</Size>
		</BinaryDataRecord>
		<VoxelCount>
			<CountX>100</CountX>
			<CountY>100</CountY>
			<CountZ>100</CountZ>
		</VoxelCount>
		<VoxelSize>
			<SizeX>0.02</SizeX>
			<SizeY>0.02</SizeY>
			<SizeZ>0.02</SizeZ>
		</VoxelSize>
		<Characteristics>
			<NumVoxels>473</NumVoxels>
			<Volume units="cc">0.003784</Volume>
			<SurfaceArea units="cm sq.">0.0</SurfaceArea>
			<Radius units="cm">0.17</Radius>
			<Directionality>4.82955</Directionality>
			<Eccentricity>0.0</Eccentricity>
			<Shape>0.0</Shape>
			<BB_Size>
			<SizeX>0.34</SizeX>
			<SizeY>0.22</SizeY>
			<SizeZ>0.34</SizeZ>
			</BB_Size>
			<BB_Count>
			<SizeX>17</SizeX>
			<SizeY>11</SizeY>
			<SizeZ>17</SizeZ>
			</BB_Count>
		</Characteristics>
	</Calcification>
</Calcifications>
	
