<?xml version="1.0"?>
<Calcifications xmlns:xsi="http://www.w3.org/2001/XMLSchema-instance" xsi:noNamespaceSchemaLocation="file:///CalcificationDB.xsd">
	<Calcification>
		<CalcName>AEM1p1_6</CalcName>
		<ClusterName>AEM1p1</ClusterName>
		<Position3D>
			<XPos>4.0024147</XPos>
			<YPos>3.1518064</YPos>
			<ZPos>1.0402275</ZPos>
		</Position3D>
		<BinaryDataRecord>
			<Displacement>5529600</Displacement>
			<Size>1105920</Size>
		</BinaryDataRecord>
		<VoxelCount>
			<CountX>100</CountX>
			<CountY>100</CountY>
			<CountZ>100</CountZ>
		</VoxelCount>
		<VoxelSize>
			<SizeX>0.02</SizeX>
			<SizeY>0.02</SizeY>
			<SizeZ>0.02</SizeZ>
		</VoxelSize>
		<Characteristics>
			<NumVoxels>3509</NumVoxels>
			<Volume units="cc">0.028072</Volume>
			<SurfaceArea units="cm sq.">0.0</SurfaceArea>
			<Radius units="cm">0.24</Radius>
			<Directionality>2.27273</Directionality>
			<Eccentricity>0.0</Eccentricity>
			<Shape>0.0</Shape>
			<BB_Size>
			<SizeX>0.48</SizeX>
			<SizeY>0.48</SizeY>
			<SizeZ>0.46</SizeZ>
			</BB_Size>
			<BB_Count>
			<SizeX>24</SizeX>
			<SizeY>24</SizeY>
			<SizeZ>23</SizeZ>
			</BB_Count>
		</Characteristics>
	</Calcification>
</Calcifications>
	
