<?xml version="1.0"?>
<Calcifications xmlns:xsi="http://www.w3.org/2001/XMLSchema-instance" xsi:noNamespaceSchemaLocation="file:///CalcificationDB.xsd">
	<Calcification>
		<ClusterName>ACT1p1</ClusterName>
		<BinaryDataRecord>
			<Displacement>1105920</Displacement>
			<Size>1105920</Size>
		</BinaryDataRecord>
		<VoxelSize>
			<SizeX>0.02</SizeX>
			<SizeY>0.02</SizeY>
			<SizeZ>0.02</SizeZ>
		</VoxelSize>
		<Characteristics>
			<Malignancy> Benign </Malignancy>
			<Detail> "stromal fibrosis, ductal hyperplasia, w/ atypia, No Ca++" </Detail>
			<NumVoxels>34</NumVoxels>
			<BB_Size>
			<SizeX>0.12</SizeX>
			<SizeY>0.16</SizeY>
			<SizeZ>0.14</SizeZ>
			</BB_Size>
			<BB_Count>
			<SizeX>6</SizeX>
			<SizeY>8</SizeY>
			<SizeZ>7</SizeZ>
			</BB_Count>
		</Characteristics>
	</Calcification>
</Calcifications>
	
